-- phpMyAdmin SQL Dump
-- version 4.7.0
-- https://www.phpmyadmin.net/
--
-- Host: 127.0.0.1
-- Generation Time: Sep 30, 2020 at 06:07 PM
-- Server version: 5.7.17
-- PHP Version: 5.6.30

SET SQL_MODE = "NO_AUTO_VALUE_ON_ZERO";
SET AUTOCOMMIT = 0;
START TRANSACTION;
SET time_zone = "+00:00";


/*!40101 SET @OLD_CHARACTER_SET_CLIENT=@@CHARACTER_SET_CLIENT */;
/*!40101 SET @OLD_CHARACTER_SET_RESULTS=@@CHARACTER_SET_RESULTS */;
/*!40101 SET @OLD_COLLATION_CONNECTION=@@COLLATION_CONNECTION */;
/*!40101 SET NAMES utf8mb4 */;

--
-- Database: `web3db`
--

-- --------------------------------------------------------

--
-- Table structure for table `categories`
--

CREATE TABLE `categories` (
  `categId` int(11) NOT NULL,
  `categName` varchar(50) NOT NULL,
  `SectionId` int(11) NOT NULL
) ENGINE=MyISAM DEFAULT CHARSET=latin1;

--
-- Dumping data for table `categories`
--

INSERT INTO `categories` (`categId`, `categName`, `SectionId`) VALUES
(1, 'Healthy Breakfast', 2),
(2, 'Healthy Dinner', 2),
(3, 'Low Fat', 2),
(4, 'Vegan', 2),
(5, 'Low Soduim', 2),
(6, 'Low Collesterol', 2),
(7, 'Low Calorie', 2),
(8, 'Diabetic', 2),
(9, 'Desserts', 2),
(10, 'Healthy Drinks', 2),
(11, 'Chicken plates', 1),
(12, 'Meat plates', 1),
(13, 'Seafoods', 1),
(15, 'Baking', 1),
(16, 'Pasta', 1),
(17, 'Salads', 1),
(18, 'Desserts', 1);

-- --------------------------------------------------------

--
-- Table structure for table `favoriterecipes`
--

CREATE TABLE `favoriterecipes` (
  `id` int(11) NOT NULL,
  `itemsFavId` int(11) NOT NULL,
  `userFavId` int(11) NOT NULL
) ENGINE=MyISAM DEFAULT CHARSET=utf8;

--
-- Dumping data for table `favoriterecipes`
--

INSERT INTO `favoriterecipes` (`id`, `itemsFavId`, `userFavId`) VALUES
(21, 4, 8),
(37, 43, 19),
(20, 44, 13),
(30, 69, 8),
(19, 28, 13),
(29, 35, 8),
(23, 5, 8),
(24, 25, 8),
(27, 31, 8),
(28, 20, 8),
(31, 70, 8),
(32, 76, 8),
(36, 42, 19),
(34, 25, 19),
(35, 28, 19),
(39, 55, 20),
(40, 4, 20),
(41, 30, 20),
(42, 46, 20),
(43, 9, 20),
(44, 62, 20),
(45, 56, 20),
(46, 2, 8),
(47, 77, 8),
(48, 7, 34),
(49, 74, 34),
(50, 78, 34),
(52, 30, 8),
(53, 4, 35),
(54, 7, 35),
(55, 14, 35),
(56, 12, 35),
(57, 65, 35),
(58, 63, 35),
(59, 51, 35);

-- --------------------------------------------------------

--
-- Table structure for table `history`
--

CREATE TABLE `history` (
  `historyId` int(11) NOT NULL,
  `userId` int(11) NOT NULL,
  `itemsId` int(11) NOT NULL,
  `date` datetime NOT NULL
) ENGINE=MyISAM DEFAULT CHARSET=utf8;

--
-- Dumping data for table `history`
--

INSERT INTO `history` (`historyId`, `userId`, `itemsId`, `date`) VALUES
(164, 8, 4, '2020-09-26 13:56:43'),
(14, 10, 5, '2020-09-16 19:18:34'),
(226, 33, 3, '2020-09-30 16:56:06'),
(159, 8, 6, '2020-09-26 13:42:42'),
(231, 35, 7, '2020-09-30 17:21:51'),
(29, 12, 8, '2020-09-18 21:34:21'),
(37, 12, 9, '2020-09-18 21:48:56'),
(48, 12, 10, '2020-09-18 22:07:21'),
(49, 12, 11, '2020-09-19 08:35:40'),
(50, 12, 12, '2020-09-19 08:41:59'),
(51, 12, 13, '2020-09-19 08:49:11'),
(53, 12, 14, '2020-09-19 08:56:38'),
(54, 12, 15, '2020-09-19 08:59:50'),
(59, 12, 16, '2020-09-19 09:13:12'),
(230, 34, 17, '2020-09-30 17:06:19'),
(64, 12, 18, '2020-09-19 09:23:23'),
(67, 12, 19, '2020-09-19 09:29:58'),
(68, 12, 21, '2020-09-19 09:34:51'),
(70, 12, 22, '2020-09-19 09:45:07'),
(132, 13, 23, '2020-09-19 17:41:17'),
(221, 19, 25, '2020-09-30 14:38:20'),
(92, 12, 26, '2020-09-19 10:50:55'),
(100, 12, 27, '2020-09-19 10:59:19'),
(134, 13, 28, '2020-09-19 17:42:00'),
(227, 33, 30, '2020-09-30 16:56:35'),
(107, 12, 31, '2020-09-19 11:40:51'),
(108, 12, 32, '2020-09-19 11:43:36'),
(109, 12, 33, '2020-09-19 13:31:59'),
(110, 12, 35, '2020-09-19 13:40:52'),
(112, 12, 34, '2020-09-19 13:40:59'),
(114, 12, 36, '2020-09-19 13:44:31'),
(117, 12, 37, '2020-09-19 13:49:39'),
(118, 12, 38, '2020-09-19 13:54:05'),
(121, 12, 39, '2020-09-19 14:03:58'),
(124, 12, 40, '2020-09-19 14:21:31'),
(125, 12, 41, '2020-09-19 14:21:39'),
(222, 19, 42, '2020-09-30 14:39:47'),
(128, 12, 44, '2020-09-19 16:11:25'),
(129, 12, 45, '2020-09-19 16:16:50'),
(149, 13, 47, '2020-09-20 12:57:06'),
(158, 8, 2, '2020-09-26 13:42:14'),
(166, 8, 48, '2020-09-29 15:43:54'),
(168, 8, 49, '2020-09-29 15:48:25'),
(223, 20, 50, '2020-09-30 15:40:01'),
(178, 8, 51, '2020-09-29 16:05:05'),
(181, 8, 52, '2020-09-29 16:13:52'),
(183, 8, 53, '2020-09-29 16:17:14'),
(184, 8, 54, '2020-09-29 16:19:54'),
(187, 8, 55, '2020-09-29 16:25:30'),
(188, 8, 56, '2020-09-29 17:41:35'),
(190, 8, 57, '2020-09-29 17:50:26'),
(191, 8, 58, '2020-09-29 17:50:34'),
(193, 8, 59, '2020-09-29 17:57:19'),
(195, 8, 60, '2020-09-29 17:58:11'),
(196, 8, 61, '2020-09-29 18:01:48'),
(198, 8, 62, '2020-09-29 18:07:25'),
(199, 8, 63, '2020-09-30 04:12:22'),
(200, 8, 64, '2020-09-30 04:16:02'),
(201, 8, 65, '2020-09-30 04:21:40'),
(202, 8, 67, '2020-09-30 04:29:09'),
(203, 8, 68, '2020-09-30 04:31:57'),
(232, 35, 69, '2020-09-30 17:23:24'),
(205, 8, 70, '2020-09-30 04:39:53'),
(206, 8, 71, '2020-09-30 04:42:58'),
(207, 8, 72, '2020-09-30 04:45:54'),
(209, 8, 73, '2020-09-30 04:55:50'),
(229, 34, 74, '2020-09-30 17:05:51'),
(215, 8, 76, '2020-09-30 06:44:23'),
(225, 8, 77, '2020-09-30 16:24:27');

-- --------------------------------------------------------

--
-- Table structure for table `items`
--

CREATE TABLE `items` (
  `itemsId` int(11) NOT NULL,
  `ItemName` varchar(100) CHARACTER SET latin1 NOT NULL,
  `CategorieId` int(11) NOT NULL,
  `ItemImages` varchar(255) CHARACTER SET latin1 NOT NULL,
  `ingredients` varchar(1000) NOT NULL,
  `HowToMakeIt` varchar(10000) NOT NULL
) ENGINE=MyISAM DEFAULT CHARSET=utf8;

--
-- Dumping data for table `items`
--

INSERT INTO `items` (`itemsId`, `ItemName`, `CategorieId`, `ItemImages`, `ingredients`, `HowToMakeIt`) VALUES
(3, 'Mojo Chicken', 11, 'MojoChicken.jpg', '1/2 cup sour orange juice - \r\n1 tablespoon olive oil -\r\n 1 tablespoon fresh lime juice -\r\n 2 garlic cloves minced-\r\n 1 teaspoon paprika -\r\n1 teaspoon dried oregano -\r\n 1/2 teaspoon salt -\r\n 1/2 teaspoon crushed red chili flakes -\r\n4 bone-in chicken-breast halves skinned', 'Combine juice and next 7 ingredients (through chili flakes) in a large zip-top plastic bag. Add chicken, seal and marinate in refrigerator at least 1 hour and up to  \r\n\\ Preheat oven to 375 degre.\r\n\\ Place chicken in a 13- x 9-inch baking pan coated with cooking spray. Bake, covered, 20 minutes, uncover and bake 25 minutes or until chicken is done.\r\n\\ Note: Nutritional analysis includes Sugars 1g.'),
(2, 'Skilled Chicken and mushroom sauce', 11, 'SkilledChicken.jpg', '1 kilo chicken breast - 1/3 cup of flour - Salt and freshly ground black pepper - 2 tablespoons of olive oil - 250 g mushrooms - 2 cloves garlic minced - Butter 2 tbsp - 3 cups of chicken broth - A small spoon of dried oregano thyme - 2 1/2 teaspoon cornstarch - 1 cup grated Parmesan cheese - 1 cup Creamy Cooking - 2 tablespoons of chopped fresh parsley', 'Leave the chicken slices at room temperature for 10 minutes (while collecting and preparing the remaining ingredients). In a shallow dish, whisk flour, 1/4 teaspoon salt and 1/4 teaspoon pepper. Heat olive oil in a 12-inch skillet over medium heat.\r\n\\ Pour both sides of each piece of chicken into the flour mixture, then put in hot oil in a skillet. Cook until golden brown, about 5 minutes.\r\n\\ Stir the chicken and cook on the opposite side, until golden brown in the bottom 6 minutes.\r\nWhile the chicken is tender, melt the butter in a separate skillet over medium heat, then add the mushrooms and garlic and saute until mushrooms start to soften, about 3 minutes.\r\n \\ Once the chicken has been cooked and removed from the pan, leave the pan over medium heat and pour 1 quarter cup of chicken broth into (chicken pan), with brown bites removed from the bottom.\r\n\\ Add the mushroom mixture to the broth in the pan, as well as oregano. Boil the mixture, then reduce it to a medium medium and leave it on low heat until it becomes homogeneous and becomes more dense about half, about 4 - 5 minutes.\r\n\\ Whisk together the remaining 1 tablespoon chicken broth with cornstarch. Pour the chicken broth mixture into the pan and simmer to boil gently, while whisking constantly for one minute.\r\n\\ Add the parmesan and cream and season with pepper to taste and a pinch of salt if necessary, then bring the chicken back to the pan. Garnish with parsley and serve warm mix with sauce . \r\n'),
(4, 'Chicken soulvaki', 11, 'ChickenSoulvaki.jpg', '4 pieces flat bread or pitas -\r\n 2 tomatoes cut into wedges -\r\n 1/2 small red onion, thinly sliced -\r\n3/4 cup crumbled Feta -\r\n1/4 cup kalamata olives, pitted -\r\n1 1/2 teaspoons dried oregano -\r\n1 1/2 teaspoons dried thyme -\r\n1/4 teaspoon freshly ground black pepper -\r\n2 1/2 teaspoons red wine vinegar -\r\n1 tablespoon fresh lemon juice -\r\n5 tablespoons extra-virgin olive oil -\r\n4 boneless skinless chicken breasts cut into pieces -\r\n1/2 cup plain yogurt - 1 small cucumber diced -\r\n1 1/2 tablespoons minced fresh dill', 'Heat oven to 200 degre F. Wrap the bread in foil and place in oven.\\ Pour both sides of each piece of chicken into the flour mixture, then put in hot oil in a skillet. Cook until golden brown, about 5 minutes.\r\n\\ In a medium bowl, combine the tomatoes, onion, Feta, and olives. \\ Once the chicken has been cooked and removed from the pan, leave the pan over medium heat and pour 1 quarter cup of chicken broth into (chicken pan), with brown bites removed from the bottom.\r\n\\ In a large bowl, combine the oregano, thyme, pepper, 1 1/2 teaspoons of the vinegar, and the lemon juice. Slowly add 4 tablespoons of the oil in a steady stream, whisking constantly until incorporated. Pour 2 1/2 tablespoons of the vinaigrette over the tomato mixture, toss, and set aside. Add the chicken to the remaining vinaigrette, toss, and set aside.\\ Whisk together the remaining 1 tablespoon chicken broth with cornstarch. Pour the chicken broth mixture into the pan and simmer to boil gently, while whisking constantly for one minute.\r\n\\ Heat the remaining oil in a large skillet over medium-high heat. Transfer the chicken but not the liquid to the skillet and heat, turning occasionally, until cooked through, about 5 minutes.\r\n\\ Meanwhile, in a small bowl, combine the yogurt, cucumber, dill, and the remaining vinegar. Spread the bread with some of the yogurt sauce and top with the chicken. Add the tomato salad and fold.\r\n\r\n\r\n\r\n\r\n\r\n'),
(5, 'Chicken Gacciatore', 11, 'ChickenGacciatore.jpg', '1 tablespoon olive oil -\r\n3 garlic cloves smashed -\r\n1 (14 oz.) Spanish onion 1 green bell pepper sliced into 1/2-inch wide strips -\r\n1 yellow bell pepper sliced into 1/2-inch wide strips -\r\n1 (8 oz.) package baby bella mushrooms quartered -\r\n1 (4 lb.) broiler chicken quartered -\r\n1 teaspoon kosher salt Freshly ground black pepper -\r\n1 (28 oz.) can crushed tomatoes -\r\n1/2 pound uncooked rotini \r\n1/4 cup finely chopped fresh parsley Freshly grated Parmesan cheese, for serving', 'Heat oil in a small skillet over medium heat. Add garlic and cook, stirring, until golden, about 2 minutes; transfer to slow cooker.\r\n\\ Add onion, bell pepper and mushroom. Put chicken on top; sprinkle with salt and pepper. Pour in crushed tomatoes; cover and cook for 4 hours on high or 8 hours on low. Chicken should be very tender.\r\n\\ Bring a pot of salted water to a boil and cook rotini according to package directions until al dente. Drain and transfer to a large serving bowl.\r\n\\ Transfer chicken to 4 plates. Skim fat from surface of sauce and discard. Stir parsley into sauce. Spoon some sauce over chicken. Serve remaining sauce with pasta and cheese.\r\n\r\n\r\n\r\n\r\n'),
(6, 'Chicken Kofte with Zucchini', 11, 'Chicken Kofte with Zucchini.jpg', '1/2 cup purchased tzatziki, divided - \r\n1/4 cup dry breadcrumbs - \r\n1/4 cup grated onion 5 tablespoons chopped fresh mint, divided - \r\n1 teaspoon ground cumin - \r\n5/8 teaspoon kosher salt, divided - \r\n3/8 teaspoon black pepper, divided - \r\n1/8 teaspoon ground red pepper - \r\n1 pound ground chicken 4 teaspoons olive oil, divided - \r\n4 zucchini, halved lengthwise - Cooking spray\r\n', '\r\nPreheat broiler to high.\r\n\\ Combine 1/4 cup tzatziki, breadcrumbs, onion, 3 tablespoons mint, cumin, 1/2 teaspoon salt, 1/4 teaspoon black pepper, and red pepper in a bowl, stirring with a whisk. Add chicken; mix with hands. Shape chicken mixture into 8 patties. Heat 2 teaspoons olive oil in a nonstick skillet over medium heat. Add patties; cook 4 minutes on each side or until done.\r\n\\ While kofte cook, arrange zucchini, cut side up, on a jelly roll pan coated with cooking spray. Brush with remaining 2 teaspoons oil ; sprinkle with the remaining 1/8 teaspoon salt and 1/8 teaspoon black pepper. Broil 5 minutes or just until tender. Divide kofte and zucchini among 4 plates. Sprinkle with remaining 2 tablespoons mint. Serve with remaining 1/4 cup tzatziki.'),
(7, 'Classic Beef Pot Roast', 12, 'Classic Beef Pot Roast.jpg', '1 teaspoon olive oil -\r\n 1 (3 pound) boneless chuck roast, trimmed -\r\n1 teaspoon kosher salt -\r\n 1/4 teaspoon freshly ground black pepper -\r\n 2 cups coarsely chopped onion - \r\n1 cup dry red wine -\r\n 4 thyme sprigs - \r\n3 garlic cloves, chopped -\r\n 1 (14 ounce) can fat free, less sodium beef broth -\r\n 1 bay leaf - \r\n4 large carrots, peeled and cut diagonally into 1 inch pieces -\r\n 2 pounds Yukon gold potatoes, peeled and cut into 2 inch pieces - \r\nFresh thyme leaves (optional)\r\n', 'Preheat oven to 350 degree.\r\n\\ Heat olive oil in a large Dutch oven over medium-high heat. \r\nSprinkle chuck roast with salt and pepper.\r\n Add roast to pan; cook 5 minutes, \r\nturning to brown on all sides. Remove roast from pan. \r\nAdd onion to pan; saute 8 minutes or until tender.\r\n\\ Return browned roast to pan. \r\nAdd the red wine, thyme sprigs,\r\n chopped garlic, beef broth, and bay leaf to pan; bring to a simmer.\r\n Cover pan and bake at 350 degree for 1 1/2 hours or until the roast\r\n is almost tender.\r\n\\ Add carrots and potatoes to pan. \r\nCover and bake an additional 1 hour or until vegetables are tender.\r\n Remove thyme sprigs and bay leaf from pan; discard.\r\n Shred meat with 2 forks. Serve roast with vegetable mixture and cooking liquid.\r\n Garnish with thyme leaves, if desired.'),
(8, 'Orange Cheesecake Brownies', 18, 'Orange Cheesecake Brownies.jpg', ' 8 tablespoons (1 stick) unsalted butter, cut into pieces - \r\n4 ounces unsweetened chocolate, chopped -\r\n 1 1/2 cups sugar -\r\n 2 teaspoons vanilla extract - \r\n1/2 teaspoon baking powder - \r\n1/4 teaspoon salt -\r\n 2 large eggs - \r\n2/3 cup all-purpose flour Cheesecake \r\n 1 8oz. package cream cheese, at room temperature -\r\n1/4 cup sugar - \r\n1 large egg  -\r\n1 teaspoon grated orange zest -\r\n 1 tablespoon all-purpose flour\r\n', 'Place rack in bottom third of oven; preheat to 325 degrees F. \r\nLine an 8inch square baking pan with heavy duty foil,\r\n leaving a 1 inch overhang on all sides. \r\nMake brownie batter: Combine butter and chocolate in a large bowl; \r\nset over a pan of simmering water \r\n(do not let water boil or bowl touch water).\r\n Cook, stirring occasionally, until melted and smooth.\r\n Remove bowl; let cool. Beat sugar, vanilla, baking powder and \r\nsalt into chocolate mixture.\r\n Beat in eggs, one at a time, until well mixed.\r\n (Don\'t worry if mixture looks curdled.) Add flour and mix until smooth.\r\n\\ Make cheesecake layer: In a bowl, beat cream cheese and sugar with an electric mixer on medium high speed until smooth. Beat in egg, zest and flour until smooth.\r\n\r\n\\Pour all but 1/2 cup of brownie batter into prepared pan; spread evenly. Spread cream cheese mixture evenly over brownie batter. Drop remaining brownie batter in dollops on top and swirl with a knife to create marbling. Bake until still slightly wet in center, about 45 minutes. Let cool completely in pan on a wire rack. Cover and refrigerate until completely chilled, at least 3 hours. Grasp overhanging foil and lift brownies out of pan. Peel off foil, cut into 16 squares and serve.\r\n\r\n\r\n\r\n'),
(9, 'Bundt cakes', 18, 'Bundt cakes.jpg', '1 15.25 oz. box Duncan Hines cake mix, any flavor -\r\n\r\n1 3.4 oz. box Jell O instant pudding mix, in the same or a complimentary flavor -\r\n\r\nPinch salt -\r\n\r\n4 large eggs -\r\n\r\n1 pint sour cream -\r\n\r\n1/2 cup neutral oil like canola -\r\n\r\n1 teaspoon vanilla extract -\r\n\r\n12 ounces of a mix in like chocolate chips or chopped fruit or nuts ', 'Heat your oven to 350 degrees and butter and flour your Bundt pan.\r\n\\ Mix the cake mix, pudding mix, and salt in a large bowl : If you are using a chocolate cake mix as your base, you might also want to add a teaspoon of instant espresso powder. In a smaller bowl mix the eggs, sour cream, oil, and vanilla until well blended.\r\n\\ Add the wet to the dry ingredients and mix till well combined. Cover and let rest at room temp for 20 minutes while your oven heats. Stir in your mix ins and spoon into the pan. Bake for 55 to 65 minutes, rotating halfway through, until a skewer comes out clean. Cool for 15 minutes on a rack, then turn out of the pan and cool completely.'),
(10, 'Carrot Cake', 18, 'Carrot Cake.jpg', '1 1/2 cups rice flour -\r\n 3/4 cup coconut oil -\r\n 1 1/4 cups dark brown sugar - \r\n1/2 cup grated carrot (about 1 large carrot, peeled and trimmed) -\r\n1/4 cup golden raisins (optional) - \r\n2 teaspoons vanilla extract 2 large eggs, at room temperature -\r\n 3/4 teaspoon kosher salt - \r\n3/4 teaspoon ground cinnamon -\r\n 3/4 teaspoon ground ginger -\r\n 1/4 teaspoon ground cardamom -\r\n1/2 cup walnut pieces, toasted\r\n', 'Preheat oven to 350 degree F. Grease a 9 inch square baking pan, and line with parchment paper, allowing 1 inch of paper to hang over sides of pan. Grease the parchment paper. \\ Spread the rice flour in an even layer on a rimmed baking sheet lined with parchment paper; transfer to oven. Bake until toasty, 8 to 10 minutes. \\ Melt the coconut oil in a medium saucepan over medium low heat. Add the brown sugar to pan; whisk to combine. Remove from heat, allow to cool slightly. \\ Using a clean kitchen towel or paper towels, gently squeeze excess liquid from the grated carrots. It is best to do this over the kitchen sink or a large bowl to catch the liquid. Stir the carrots and golden raisins if using into the brown sugar mixture. Whisk the vanilla and eggs into the brown sugar mixture, stirring until thoroughly combined; the mixture should appear shiny and emulsified. Stir in the flour, salt, cinnamon, ginger, and cardamom. Then, stir in the toasted walnut pieces.  \\ Spread the batter evenly into prepared pan. Bake at 350 degree F for 25 to 28 minutes, or until a toothpick inserted into center of the pan tests clean. Cool completely in pan on a wire rack. Once cool, spread Lemony Cream Cheese Frosting evenly over top and sprinkle with nuts, if desired.  \\ To prepare the frosting, combine the cream cheese and butter in a medium bowl; beat until fluffy. Add the sugar, zest, and salt to bowl; beat until combined and smooth. Spread the mixture evenly over the cooled blondies; sprinkle with toasted coconut and walnuts, if desired. Cut into 9 even squares and serve. '),
(11, 'Chocolate-raspberry Cake', 18, 'Chocolate-raspberry Cake.jpg', '1 cup raspberry jam - \r\n3 tablespoons raspbery flavored liqueur, such as Chambord -\r\nFoolproof buttercream Rinsed fresh raspberries (about 6 oz. total)\r\n', 'Split the layers of the double layer chocolate cake, making four total.  \\ Spread each of the first three with raspberry jam (about 1/3 cup on each).  \\ Stir raspberry flavored liqueur into foolproof buttercream to frost cake. Garnish with raspberries.'),
(12, 'Power Gulp', 10, 'Power Gulp.jpg', '1 cup sliced kale (from about 3 large leaves) -\r\n1 cup seedless green grapes (about 28) -\r\n1 English cucumber, thickly sliced - \r\n1 small Granny Smith apple (4 to 6 ounces), cored and cut into chunks -\r\n1/2 cup water\r\n', 'In a blender, combine kale, grapes, cucumber, apple, and water; blend, scraping down sides occasionally, until smooth. \r\n\\ Strain juice and, if desired, thin with additional water. \r\n\\ Before serving, garnish with a fresh kale leaf and a cucumber slice (optional).\r\n\\ Refrigerate up to 2 days (shake before serving).\r\n\r\n'),
(13, 'This Quinoa Horchata', 10, 'This Quinoa Horchata.jpg', '1 cup organic quinoa -\r\n 1 cup wild black rice -\r\n1/4 cup raw almonds, sliced and blanched - \r\n5 cinnamon sticks  -\r\n2 nutmegs, cracked -\r\n10 cloves - \r\n10 allspice - \r\n5 star anises -\r\n1/4 cup milk, either regular, soy, or nut based (Optional)\r\n', 'Combine quinoa and black rice in a 4 quart container with 2 quarts of cool water. Cover and allow to soak in fridge for 12 to 24 hours.\r\n\\ Toast the spices over low heat in a saucepan, until aroma is released. Allow to cool.\r\n\\ Remove quinoa and rice mixture from fridge, and drain all liquid. In a blender, combine even amounts of grains and spices with 1 quart of water. Blend on high for approximately 30 seconds. Repeat 4 times. Fine strain preferably through chinois strainer or through a regular strainer and cheese cloth.\r\n\\ In a saucepan combine sugar depending on taste and the quinoa liquid. Stir until sugar is dissolved. Promptly remove off heat. Allow to cool.\r\n\\ Serve over crushed ice and grate some fresh nutmeg and cinnamon over the top! If a creamier texture is desired add 1/4 cup of regular milk, soy milk or almond milk per quart of horchata.\r\n\r\n\r\n\r\n'),
(14, 'Chamomile-Strawberry-Orange Cold-Brewed Tea', 10, 'Chamomile-Strawberry-Orange Cold-Brewed Tea.jpg', '8 chamomile tea bags -\r\n12 cups filtered water, at room temperature - \r\n2 small juice oranges (thin-skinned), peeled, cut into slices, and seeded - \r\n24 large strawberries, halved - \r\n4 teaspoons honey - \r\n4 teaspoons hot water\r\n', 'Place 1 tea bag and 1 1/2 cups water in each of 8 pint-size canning jars with lids. Place 2 orange slices and 6 strawberry halves in each jar. Cover with lids; refrigerate 12 to 24 hours.\r\n\\ Remove tea bags from jars. Combine honey and 4 teaspoons hot water. Divide honey mixture evenly among jars (about 1 scant teaspoon in each).\r\n\r\n'),
(15, 'Sweet Tea Lemonade', 10, 'Sweet Tea Lemonade.jpg', '3 cups sugar - \r\n1 lemon, sliced - \r\n4 large sprigs mint -\r\n8 black tea bags - \r\n1 cup fresh lemon juice (from about 4 large lemons)\r\n', 'Mix sugar and 3 cups water in a pan and bring to a boil over medium-low heat, stirring until sugar dissolves. Turn off heat; stir in lemon slices and mint. Allow to cool, then strain.\r\n\\ Bring 4 cups of water to a boil. Place tea bags in a bowl; pour water over and let steep for 10 minutes. Remove and discard bags. Let tea cool.\r\n\\ In another bowl, mix lemon juice with 3 cups water.\r\n\\ 4, Combine syrup, tea and lemon mixture. Cover and chill for at least 4 hours. Serve over ice, garnished with additional lemon slices and mint sprigs, if desired.\r\n\r\n'),
(16, 'Honeydew Spritz\r\n', 10, 'Honeydew Spritz\r\n.jpg', '1 honeydew melon (4 lbs.), rind removed and fruit chopped into chunks and chilled -\r\nAbout 1/4 cup sugar - \r\nAbout 1/4 cup lemon juice -\r\n3/4 teaspoon orange-flower water -\r\n 1 qt. sparkling water -\r\n 8 large mint sprigs\r\n', 'In a blender, puree chilled honeydew chunks, half at a time, with 2/3 cup water. Strain.\r\n\\ In a bowl, combine puree, 1/4 cup sugar, 1/4 cup lemon juice, and the orange-flower water. Add more sugar and lemon juice to taste.\r\n\\ Fill 8 glasses with ice and add equal parts melon puree and sparkling water; stir. Crush mint sprigs in your hands and add to drinks.\r\n\\ Find with cocktail supplies.\r\n\\ Make ahead: Up to 2 days, chilled.\r\n\r\n\r\n\r\n'),
(17, 'Blackberry Pisco Sours\r\n', 10, 'Blackberry Pisco Sours.jpg', '1 cup fresh blackberries -\r\n 1 cup pisco, chilled - \r\n1/3 cup fresh lime juice - \r\n3 large pasteurized egg whites -\r\n5 tablespoons simple syrup Angostura bitters (optional) - \r\nGarnishes: fresh basil leaves, fresh blackberries\r\n', 'Process blackberries in a blender until smooth. Pour through a wire-mesh strainer into a 1-qt. jar with a tight-fitting lid, discarding solids.\r\n\\ Add pisco and next 3 ingredients to jar. Cover with lid, and shake vigorously 30 seconds or until foamy. Pour mixture into 4 (10-oz.) glasses filled with ice. Top each with a dash of bitters, if desired. Serve immediately.\r\n\r\n'),
(18, 'Spring-on-a-Plate Salads', 17, 'Spring-on-a-Plate Salads.jpg', '2 large carrots -\r\n1 small fennel bulb - \r\n1/4 small red onion - \r\n1 1/4 cups shelled edamame (green soybeans), cooked and chilled -\r\n1 cup blanched fresh green peas, chilled - \r\nLemon Dill Vinaigrette, divided -\r\n1 pound fresh lump crabmeat - \r\n1/4 cup minced red bell pepper - \r\n2 teaspoons lemon zest -\r\n5 cups loosely packed assorted baby salad greens or microgreens\r\n', 'Shave carrots into thin strips using a vegetable peeler. Cut fennel and onion into very thin slices using a mandoline. Place carrots, fennel, and onion in a large bowl; add ice water to cover. Let stand 30 minutes.\r\n\\ Combine edamame, peas, 2 Tbsp. Lemon-Dill Vinaigrette, and salt and pepper to taste.\r\n\\ Pick crabmeat, removing any bits of shell. Gently toss crab with red bell pepper and lemon zest; season with salt and pepper to taste.\r\n\\ Drain carrot mixture well. Divide pea mixture among 12 small plates; top with carrot mixture, salad greens, and crabmeat mixture. Drizzle with remaining Lemon-Dill Vinaigrette just before serving.\r\n\r\n'),
(19, 'Pesto Pasta Salad with Tomatoes and Mozzarella\r\n', 17, 'Pesto Pasta Salad with Tomatoes and Mozzarella.jpg\r\n', '8 ounces uncooked whole grain farfalle - \r\n2 cups fresh basil leaves -\r\n 2 tablespoons extra-virgin olive oil-\r\n 2 teaspoons grated lemon rind - \r\n1/2 teaspoon kosher salt - \r\n1/4 teaspoon freshly ground black pepper  -\r\n 1 garlic clove, peeled -\r\n 1 cup grape tomatoes, halved -\r\n 1 cup yellow cherry tomatoes, halved - \r\n3 ounces fresh mozzarella cheese, cut into 1/2 inch cubes (about 3/4 cup), divided -\r\n 1 ounce Romano cheese, grated (about 1/4 cup)\r\n', 'Cook pasta according to package directions, omitting salt and fat; drain. Place pasta in a large bowl.\r\n\\ Combine basil and next 5 ingredients (through garlic) in the bowl of a food processor; process until smooth. Add basil mixture, tomatoes, and 5 ounces mozzarella to pasta; toss to combine. Top with remaining 5 ounces mozzarella and Romano cheese.\r\n\r\n'),
(20, 'Farmers\' Market Pasta Salad\r\n', 17, 'Farmers\' Market Pasta Salad.jpg', '2 cups halved baby heirloom tomatoes -\r\n 2 small zucchini, thinly sliced into half moons-\r\n 1 small red bell pepper, cut into thin strips - \r\n1 cup fresh corn kernels -\r\n 1 cup diced firm, ripe fresh peaches (about 2 medium) -\r\n 1/2 cup thinly sliced green onions - \r\nParmesan Vinaigrette -\r\n 1 (8 oz.) package penne pasta -\r\n2 cups shredded smoked chicken (about 10 oz.) - \r\n1/3 cup torn fresh basil 1/3 cup torn fresh cilantro\r\n', 'Toss together first 7 ingredients in a large bowl, and let stand 10 minutes.\r\n \\ Meanwhile, prepare pasta according to package directions. Add hot cooked pasta and chicken to tomato mixture; toss gently to coat. Season with salt and pepper to taste. Transfer to a serving platter, and top with basil and cilantro.\r\n \\ 1 (20-oz.) package refrigerated cheese-filled tortellini may be substituted.\r\n\r\n'),
(21, 'Greek Pasta Salad\r\n', 17, 'Greek Pasta Salad.jpg', 'Dressing: -\r\n2 cloves garlic, finely minced -\r\n 1 teaspoon dried oregano -\r\n 1 teaspoon Dijon mustard -\r\n 1/4 cup red wine vinegar - \r\n1/2 teaspoon salt -\r\n 1/2 teaspoon pepper - \r\n1/2 cup olive oil -\r\n Salad: -\r\n Salt -\r\n1 pound gemelli or other short pasta -\r\n 3/4 medium English cucumber, peeled, halved lengthwise, cut into 1/4 inch pieces -\r\n 1 dry pint cherry or grape tomatoes, halved -\r\n1/2 large red onion, thinly sliced - \r\n1 cup pitted kalamata olives, halved-\r\n 6 ounces feta, crumbled - \r\n3 cups firmly packed baby spinach\r\n', 'Make dressing: In a small bowl, whisk together garlic, oregano, mustard, vinegar, salt, pepper and olive oil until well combined.\r\n\\ Make salad: Bring a large pot of salted water to a boil. Add pasta and cook until al dente, about 8 minutes, or as label directs. Drain, rinse under cold water and transfer to a bowl. Add remaining ingredients, toss with dressing and serve.\r\n\r\n'),
(22, 'White Sea Bass with Orange-Fennel Relish\r\n', 13, 'White Sea Bass with Orange-Fennel Relish.jpg', '2 tablespoons extra-virgin olive oil -\r\n 1 tablespoon fresh lemon juice -\r\n 1 tablespoon fresh orange juice -\r\n 1/2 teaspoon grated orange rind - \r\n3/8 teaspoon kosher salt, divided - \r\n3/8 teaspoon freshly ground black pepper, divided -\r\n 1 (12 ounce) fennel bulb - \r\n1 cup fresh orange sections - \r\n1/4 cup thinly sliced red onion -\r\n 2 ounces halved Castelvetrano olives (about 1/2 cup) - \r\n4 (6 ounce) white sea bass fillets -\r\n 1 1/2 teaspoons butter\r\n', 'Combine first 4 ingredients, 1/8 teaspoon salt, and 1/8 teaspoon black pepper in a medium bowl, stirring with a whisk. Remove fronds from fennel bulb; chop fronds to measure 2 tablespoons. Remove and discard stalks. Cut fennel bulb in half lengthwise; discard core. Thinly slice fennel bulb. Add sliced fennel, orange sections, onion, and olives to orange juice mixture; toss gently to coat. Stir in fennel fronds.\r\n\\ Heat a large nonstick skillet over medium-high heat. Sprinkle fish evenly with remaining 1/4 teaspoon salt and the remaining 1/4 teaspoon pepper. Add butter to pan; swirl until butter melts. Add fish to pan; cook 4 minutes on each side or until desired degree of doneness. Serve with relish.\r\n\r\n'),
(23, 'Shrimp Cocktail with Tropical Fruit Salsa\r\n', 13, 'Shrimp Cocktail with Tropical Fruit Salsa.jpg', '24 jumbo shrimp (about 1 1/2 pounds) -\r\n 1 poblano chile, halved and seeded -\r\n 1 jalapeno pepper, halved and seeded -\r\n 1 cup finely chopped peeled mango -\r\n 1 cup finely chopped peeled papaya -\r\n 1/3 cup finely chopped red onion -\r\n1/4 cup chopped fresh cilantro  -\r\n1/4 cup fresh lime juice -\r\n1/2 teaspoon salt Cooking spray\r\n', 'Peel and devein shrimp; set aside.\r\n\\ Preheat broiler.\r\n\\ Place poblano chile and jalapeno pepper halves, skin sides up, on a foil-lined broiler pan; flatten with hand. Broil 10 minutes or until blackened. Place in a zip-top plastic bag; seal. Let stand 10 minutes. Peel and finely chop, and place in a bowl. Add mango, papaya, red onion, cilantro, juice, and salt.\r\n\\ Heat a large nonstick skillet over medium-high heat. Coat pan with cooking spray. Add shrimp; sautee 2 1/2 minutes on each side or until done. Place 1/2 cup salsa in center of each of 6 small serving plates; arrange 4 shrimp over salsa.\r\n\r\n'),
(24, 'Layered Salad', 17, 'Layered Salad.jpg', '4 cups prechopped romaine lettuce -\r\n 4 cups baby arugula -\r\n 1/2 cup prechopped red onion-\r\n 2 cups grape tomatoes, halved -\r\n4 precooked hard-cooked eggs, chopped - \r\n4 precooked bacon slices, finely chopped -\r\n 2 cups frozen petite green peas, thawed - \r\n1/2 cup canola mayonnaise (such as Hellmann\'s) -\r\n 1/2 cup plain fat-free Greek yogurt -\r\n1/4 cup nonfat buttermilk - \r\n1 teaspoon cider vinegar - \r\n1/2 teaspoon onion powder - \r\n1/2 teaspoon sugar -\r\n 1/2 teaspoon dried dill -\r\n1/2 teaspoon freshly ground black pepper - \r\n1/2 teaspoon paprika -\r\n1/8 teaspoon kosher salt -\r\n 1 garlic clove, finely grated - \r\n3 ounces preshredded sharp cheddar cheese (about 3/4 cup) - \r\n1 tablespoon minced fresh chives\r\n', 'Combine lettuce and arugula in a large glass serving bowl. Arrange onion over greens in an even layer; top with tomatoes. Sprinkle eggs over tomatoes; sprinkle bacon over eggs. Spread peas evenly over bacon.\r\n\\ Combine mayonnaise and next 10 ingredients (through garlic) in a medium bowl. Spread mayonnaise mixture over peas; top with cheese and chives.\r\n\r\n'),
(25, 'Spider Bagel Pizza Bites', 15, 'Spider Bagel Pizza Bites.jpg', '1 28 oz. can crushed tomatoes - \r\n2 tablespoons extra virgin olive oil -\r\n 4 cloves garlic, chopped -\r\n 1 tablespoon chopped fresh oregano or 1 tsp. dried -\r\n Pinch of crushed red pepper, optional Salt and pepper -\r\n 8 whole-wheat or regular mini bagels, sliced in half crosswise -\r\n 6 ounces shredded mozzarella -\r\n 8 pitted large black olives -\r\n8 pitted large green olives\r\n', 'Preheat oven to 350 degree F. In a large pan, mix tomatoes, oil, garlic, oregano, crushed red pepper, if desired, and 1/2 tsp. each salt and pepper. Bring to a boil over high heat. Reduce heat to low and simmer, stirring occasionally, until sauce has thickened slightly, about 20 minutes.\r\n\\ Place bagel halves on a parchment-lined baking sheet. Spread 2 Tbsp. sauce onto each bagel half. (Cover and refrigerate or freeze any remaining sauce for another use.) Top each with 1 rounded Tbsp. shredded cheese.\r\n\\ Slice 1 olive in half lengthwise. Place 1 olive half, cut side down, in center of 1 bagel half to make a spider body. Slice remaining olive half into 8 thin crescents to make 8 spider legs. Arrange 4 legs on each side of body to complete spider. Repeat with remaining olives and bagel halves until all bagel pizzas are decorated.\r\n\\ Bake pizzas until toasted and cheese has melted, 10 to 12 minutes. Serve.\r\n\r\n\r\n\r\n'),
(28, 'Bavarian Sauerkraut Bread', 15, 'Bavarian Sauerkraut Bread.jpg', '1 package dry yeast (about 2 1/4 teaspoons) - \r\n1/4 cup warm water (100 degree to 110 degree) -\r\n 4.6 ounces millet flour\r\n (about 1 cup)  - \r\n4.2 ounces sweet white sorghum flour (about 1 cup) - \r\n2.6 ounces potato starch (about 1/2 cup)-\r\n 2.3 ounces cornstarch (about 1/2 cup) - \r\n2 tablespoons brown sugar -\r\n 1 tablespoon caraway seeds - \r\n2 teaspoons xanthan gum - \r\n1/4 teaspoon salt - \r\n1 cup drained Bavarian-style sauerkraut - \r\n1/2 cup drained sauerkraut liquid - \r\n2 tablespoons non dairy buttery spread (such as Earth Balance), melted - \r\n2 large eggs, slightly beaten -\r\n Cooking spray\r\n', 'Dissolve yeast in 1/4 cup warm water in a small bowl; let stand 5 minutes.\r\n\\ Weigh or lightly spoon flours, potato starch, and cornstarch into dry measuring cups; level with a knife. Place flours, potato starch, cornstarch, brown sugar, and next 3 ingredients (through salt) in a large bowl; beat with a mixer at medium speed until blended. Add yeast mixture, sauerkraut, sauerkraut liquid, buttery spread, and eggs; beat at low speed until blended.\r\n\\ Spoon batter into a 9 x 5-inch loaf pan coated with cooking spray. Cover with plastic wrap, and let rise in a warm place (85 degree), free from drafts, 1 hour or until dough reaches top of pan.\r\n\\ Preheat oven to 400 degree.\r\n\\ Bake at 400 degree for 38 minutes or until loaf sounds hollow when tapped. Remove from pan; cool on a wire rack.\r\n\r\n\r\n\r\n\r\n\r\n'),
(27, 'Potato Rolls\r\n', 15, 'Potato Rolls.jpg', '\r\n1 package dry yeast (about 2 1/4 teaspoons) - \r\n1/4 cup warm water (100 degree to 110 degree) - \r\n4.6 ounces millet flour (about 1 cup) - \r\n4.2 ounces sweet white sorghum flour (about 1 cup) - \r\n2.6 ounces potato starch (about 1/2 cup) -\r\n 2.3 ounces cornstarch (about 1/2 cup) - \r\n2 tablespoons brown sugar -\r\n1 tablespoon caraway seeds -\r\n 2 teaspoons xanthan gum -\r\n1/4 teaspoon salt -\r\n 1 cup drained Bavarian style sauerkraut -\r\n 1/2 cup drained sauerkraut liquid -\r\n 2 tablespoons non-dairy buttery spread (such as Earth Balance), melted -\r\n2 large eggs, slightly beaten Cooking spray', 'Bring potato and water to cover to a boil in a saucepan over  medium heat; boil 10 to 12 minutes or until tender.  Drain, reserving 1 cup liquid, and cool potato 15 minutes.  Press potato through a potato ricer or food mill, and cool completely  (about 30 minutes). \\ Stir together yeast, 1 cup warm water, 2 tsp. sugar,  and reserved cooking liquid in bowl of a heavy-duty electric stand mixer;  let stand 5 minutes. Stir in eggs, next 3 ingredients, potato, 3 cups flour,  and remaining sugar. Beat at medium speed, using paddle attachment,  until smooth. Gradually beat in remaining 3 to 3 1/2 cups flour until a  soft dough forms. \\ Turn dough out onto a well-floured surface, and knead until  smooth and elastic (about 4 to 6 minutes), sprinkling with flour as needed.  Place dough in a lightly greased large bowl, turning to grease top.  Cover and let rise in a warm place (80 degree to 85 degree),  about 1 hour or until doubled in bulk. \\ Punch dough down; turn out onto a lightly floured surface,  and divide in half. \\ Gently shape each half into 12 (2 1/2-inch) balls,  and place in 2 greased 10-inch round cake pans.  Brush tops with 2 Tbsp. melted butter.  Cover and let rise in a warm place (80 degree to 85 degree ),  1 hour or until doubled in bulk. \\ Preheat oven to 375 degree . Bake 25 to 30 minutes or until rolls are deep  golden brown. Remove from pans to a wire rack,  and brush with remaining melted butter. Cool completely. \\ POTATO ROLLS \\ Prepare recipe through Step Roll each dough half into  an 18- x 9-inch rectangle. Starting at 1 short end, roll up each rectangle,  jelly-roll fashion, pressing to seal edges as you roll. Pinch ends of dough,  and tuck ends under. Place each roll, seam side down, in a lightly greased  9- x 5-inch loaf pan. Proceed with recipe as directed, baking 30 to 35 minutes  or until deep golden brown.'),
(29, 'Strawberry Cake ', 18, 'Strawberry Cake.jpg', '2 cups granulated sugar -\r\n 1 cup (8 oz.) unsalted butter, softened, plus more for greasing pans - \r\n4 large eggs - \r\n1 tablespoon vanilla extract - \r\n3 1/2 cups (about 14 7/8 oz.) all-purpose flour, plus more for dusting pans - \r\n2 teaspoons baking powder - \r\n1/2 teaspoon table salt - \r\n3/4 cup half and half -\r\n 1 cup finely chopped fresh strawberries (about 7 oz.)-\r\n 1/2 teaspoon red liquid food coloring\r\n', 'Prepare the Cake: Preheat oven to 350 degree F. Beat sugar and butter with a heavy-duty electric stand mixer on medium speed until light and fluffy, about 2 minutes. Add eggs, 1 at a time; beat on low speed just until incorporated after each addition. Stir in vanilla.\r\n\\ Whisk together flour, baking powder, and salt in a medium bowl. Add to sugar mixture alternately with half-and-half, beginning and ending with flour mixture; beat on low speed just until combined after each addition. Fold in strawberries and red food coloring.\r\n\\ Divide batter evenly among 3 greased and floured 8-inch round cake pans. Bake in preheated oven until a wooden pick inserted in center of cakes comes out clean, about 20 minutes.\r\n\\ Cool cakes in pans on wire racks until cool enough to handle, about 20 minutes. Invert cakes onto wire racks to cool completely, about 1 hour.\r\n\\ Prepare the Strawberry Buttercream Frosting: Beat butter with a heavy-duty electric stand mixer on medium speed until smooth, about 1 minute. Add powdered sugar, and beat until fluffy, about 5 minutes. Add strawberries, lemon juice, vanilla, and salt; beat just until smooth.\r\n\\ Assemble the Cake: Place 1 cake layer on a cake plate; spread with an even layer of Strawberry Buttercream Frosting. Repeat 2 times with 2 cake layers and frosting. Spread top and sides of cake with remaining frosting.\r\n\r\n'),
(30, 'Pasta all\'Amatriciana\r\n', 16, 'Pasta all\'Amatriciana.jpg', '3 ounces thickly sliced guanciale, or pancetta (see Note), cut into 1/2 inch strips -\r\n1 fresh red chile, stemmed, seeded and minced - \r\n1 bay leaf - \r\n1/2 cup dry white wine -\r\n 1 can whole tomatoes, tomatoes chopped, juices reserved -\r\n 3/4 pound dried pasta, such as bucatini, spaghetti or rigatoni - \r\nFreshly ground pepper -\r\n Freshly grated Pecorino Romano cheese\r\n', 'In a large skillet, combine the guanciale, chile and bay leaf and cook over moderately low heat until the fat has rendered and the guanciale is golden brown, about 5 minutes. Add the wine and simmer over moderate heat until it has reduced to 2 tablespoons, about 4 minutes. Add the tomatoes and their juices and simmer over moderately low heat, stirring occasionally, until the sauce is thickened, about 30 minutes. Discard the bay leaf.\r\n\\ Bring a large pot of salted water to a boil. Add the pasta and cook over high heat until just barely tender. Drain the pasta and stir it into the sauce. Cook the pasta over moderately low heat, stirring occasionally, until al dente, about 2 minutes. Season with pepper. Spoon the pasta into shallow bowls, generously sprinkle with the grated Pecorino Romano and serve, passing more Pecorino cheese at the table.\r\n\\ Guanciale (pronounced gwan-CHAH-leh), or salted, air-cured pork jowls, comes from the Italian word meaning \"cheek.\" If using pancetta in place of the guanciale called for in this recipe, cook it in 2 tablespoons of olive oil in Step 1 and season the finished sauce with salt.\r\n'),
(31, 'Garlic-Parmesan Popcorn\r\n', 7, 'Garlic-Parmesan Popcorn.jpg', '3 tablespoons unsalted butter -\r\n 2 cloves garlic, minced - \r\n2 tablespoons vegetable oil - \r\n1 cup popcorn kernels -\r\n1/2 cup finely grated Parmesan -\r\n1/2 teaspoon cayenne pepper Salt\r\n', 'In a small saucepan over medium heat, melt butter. Add garlic and cook 1 minute, stirring, then remove saucepan from heat and set aside to cool slightly.\r\n\\ Warm vegetable oil in a large, deep pot with a tight-fitting lid over high heat. When oil is hot, add unpopped popcorn, cover pot, and cook 1 minute. Vigorously slide pot back and forth over burner until popcorn begins to pop. Continue cooking and shaking pot until popping subsides, about 5 minutes. Remove pot from heat and transfer popcorn to large serving bowl.\r\n\\ Pour butter-garlic mixture over popcorn, sprinkle with Parmesan and cayenne and toss to coat. Season with salt and serve.\r\n\r\n'),
(32, 'Mint-Melon Pops\r\n', 7, 'Mint-Melon Pops.jpg', '1 1/2 cups cantaloupe chunks - \r\n1 tablespoon orange juice - \r\n1 1/2 cups honeydew chunks -\r\n 1 tablespoon thawed limeade concentrate -\r\n 2 mint leaves\r\n', 'Puree 1 1/2 cups cantaloupe chunks and 1 tablespoon orange juice in a blender.\r\n\\ Divide the mixture between pop molds or 3-ounce paper cups. \r\n\\ Freeze until the top becomes firm, 30 minutes. \r\n\\ Rinse the blender, then puree 1 1/2 cups honeydew chunks, 1 tablespoon thawed limeade concentrate, and 2 mint leaves.\r\n\\ Remove the molds from freezer and top with the honeydew mixture.\r\n\\ Cover and freeze.\r\n\r\n'),
(33, 'Sun-Dried Tomato, and Bean Dip', 7, 'Sun-Dried Tomato, and Bean Dip.jpg', '1 whole garlic head - \r\n1 cup water -\r\n 1 (3.5 ounce) package sun-dried tomatoes, packed without oil -\r\n 2 tablespoons extravirgin olive oil -\r\n 1/2 teaspoon chopped fresh rosemary -\r\n 1/4 teaspoon kosher salt - \r\n1/4 teaspoon freshly ground black pepper -\r\n 1 (15.8 ounce) can Great Northern beans, rinsed and drained\r\n', 'Preheat oven to 375 degree.\r\n\\ Remove white papery skin from garlic head (do not peel or separate the cloves). Wrap head in foil. Bake at 375 degree for 45 minutes; cool for 10 minutes. Separate cloves; squeeze to extract garlic pulp. Discard skins.\r\n\\ Bring 1 cup water to a boil in a saucepan. Add tomatoes; cover and remove from heat. Let stand 10 minutes. Drain tomatoes in a colander over a bowl, reserving 1/4 cup liquid.\r\n\\ Place garlic pulp, tomatoes, 1/4 cup reserved liquid, oil, and remaining ingredients in a food processor; process until smooth.\r\n\r\n\r\n\r\n'),
(34, 'Bite-size Honey Popcorn Balls', 7, 'Bite-size Honey Popcorn Balls.jpg', '20 cups air popped popcorn (from 2/3 to 1 cup kernels) -\r\n1 1/4 cups butter, cut into chunks, plus more for your hands -\r\n 1 1/4 cups honey -\r\n 3/4 teaspoon salt - \r\n2 teaspoons vanilla extract\r\n', 'Preheat oven to 325 degree. Put popcorn in a large roasting pan. Line a large baking sheet with waxed paper.\r\n\\ In a medium saucepan over medium heat, use a heatproof spatula or wooden spoon to stir together 1 1/4 cups butter, the honey, and salt until butter is melted. Increase heat and boil honey mixture gently 1 minute, stirring constantly. Stir in vanilla.\r\n\\ Carefully pour honey mixture over popcorn in roasting pan and stir gently to coat. Bake popcorn, stirring every 5 minutes, until deep golden all over, about 25 minutes.\r\n\\ Let popcorn stand 5 minutes, or just until cool enough to handle. Working quickly with lightly buttered hands, press small handfuls of the mixture into 1 1/2-in. balls, occasionally loosening popcorn from bottom of pan with a spatula. If mixture cools too much to be malleable, return it to oven for about 45 seconds to soften.\r\n\\ Put popcorn balls on prepared baking sheet and let cool completely. Store in an airtight container at room temperature for up to 2 weeks.\r\n\\ Note: Nutritional analysis is per popcorn ball.\r\n\r\n\r\n'),
(35, 'Prosciutto-Melon Bites', 7, 'Prosciutto-Melon Bites.jpg', '16 (1 inch) cubes cantaloupe - \r\n16 (1 inch) cubes honeydew melon -\r\n 16 (1/4-ounce) very thin slices prosciutto, cut in half lengthwise -\r\n 1 tablespoon fresh lime juice -\r\n 2 teaspoons extra-virgin olive oil -\r\n 1/4 teaspoon crushed red pepper -\r\n 2 tablespoons thinly sliced fresh mint\r\n', 'Wrap each cantaloupe cube and each honeydew cube with 1/2 prosciutto slice. Thread 1 wrapped cantaloupe cube and 1 wrapped honeydew cube onto each of 16 (4-inch) skewers. Arrange skewers on a serving platter.\r\n\\ Combine juice, oil, and pepper, stirring with a whisk; drizzle evenly over skewers. Sprinkle evenly with mint.\r\n\r\n'),
(36, 'Tofu Bites', 7, 'Tofu Bites.jpg', '1 pound extrafirm reduced fat water packed tofu, drained and cut into 1/2 inch cubes -\r\n 1 1/2 teaspoons vegetable oil -\r\n1 teaspoon dark sesame oil - \r\n2 tablespoons low-sodium soy sauce -\r\n 1 tablespoon rice vinegar\r\n', 'Place tofu on several layers of heavy-duty paper towels. Cover tofu with additional paper towels, and let stand 5 minutes, pressing occasionally.\r\n\\ Heat oils in a large nonstick skillet over medium-high heat. Add tofu; sautee 7 minutes or until browned. Place in a bowl. Drizzle with soy sauce and vinegar; toss gently to coat. Cover and chill at least 1 hour, stirring occasionally.\r\n\r\n'),
(37, 'Triple-Berry Popsicles', 7, 'Triple-Berry Popsicles.jpg', '2/3 cup sugar - \r\n1 cup blueberries - \r\n1 cup strawberries, hulled and sliced -\r\n 1 cup raspberries - \r\n1/4 cup fresh lemon juice', 'Put sugar and 1/3 cup water in a small\r\n saucepan and bring to boil over high heat, \r\nstirring until sugar is dissolved. Set aside.\r\n\\ Combine blueberries, strawberries, raspberries,\r\n and lemon juice in a blender and puree until smooth, \r\nabout 30 seconds. Add 1/3 cup simple syrup and blend just \r\nuntil combined. (Save remaining syrup for another use, such \r\nas sweetening iced tea.)\r\n\\ Transfer puree to popsicle molds (see Notes) and \r\nfreeze 4 hours. Insert popsicle sticks and freeze an additional\r\n 4 to 6 hours, or until frozen solid.\r\n\\ Note: Nutritional analysis is per popsicle.\r\n\r\n'),
(38, 'Zucchini-Spice Bread', 1, 'Zucchini-Spice Bread.jpg', '5.2 ounces white rice flour (about 1 cup) -\r\n 4.6 ounces brown rice flour (about 1 cup) -\r\n 1.05 ounces tapioca flour (about 1/4 cup) -\r\n1 1/4 teaspoons ground cinnamon -\r\n1 teaspoon xanthan gum -\r\n1 teaspoon baking soda -\r\n1/2 teaspoon baking powder -\r\n 1/2 teaspoon salt - \r\n1/2 teaspoon ground ginger -\r\n1/4 teaspoon ground nutmeg -\r\n3/4 cup sugar -\r\n2 cups shredded zucchini (1 large) -\r\n1/2 cup canola oil -\r\n1/2 teaspoon vanilla extract -\r\n2 large eggs Cooking spray\r\n', 'Preheat oven to 350 degree.\r\n\\ Weigh or lightly spoon flours into dry measuring cups; level with a knife. Combine flours, cinnamon, and next 6 ingredients (through nutmeg) in a large bowl; stir with a whisk. Make a well in center of mixture. Combine sugar and next 4 ingredients (through eggs); stir with a whisk. Add to flour mixture, stirring just until moist.\r\n\\ Pour batter into an 8 x 4-inch loaf pan coated with cooking spray; smooth top with a spatula. Bake at 350 degree for 1 hour and 5 minutes or until very firm to the touch. Cool 15 minutes in pan on a wire rack; remove from pan. Cool completely on wire rack.\r\n\r\n'),
(39, 'Mini Quiches', 1, 'Mini Quiches.jpg', 'Crust: -\r\n1.5 ounces brown rice flour (about 1/3 cup)-\r\n 1.4 ounces sweet white sorghum flour (about 1/3 cup) -\r\n1.4 ounces tapioca flour (about 1/3 cup) -\r\n1.3 ounces potato starch (about 1/4 cup) - \r\n1/4 teaspoon xanthan gum  -\r\n1/4 teaspoon salt -\r\n3 tablespoons unsalted butter -\r\n1 tablespoon low fat milk -\r\n1 large egg -\r\nBrown rice flour, for dusting - \r\nCooking spray -\r\nFilling: -\r\n1 small leek -\r\n1 teaspoon thyme leaves -\r\n 1/2 cup low fat milk -\r\n 1/2 teaspoon Dijon mustard -\r\n 1/4 teaspoon salt -\r\n1/8 teaspoon freshly ground black pepper -\r\n 2 large eggs -\r\n2 ounces applewood smoked Gruyeere cheese, shredded (about 1/2 cup) -\r\nFreshly ground black pepper (optional)\r\n', 'Preheat oven to 350 degree.\r\n\\ To prepare crust, weigh or lightly\r\n spoon flours and potato starch into \r\ndry measuring cups; level with a knife. Place flours, \r\npotato starch, xanthan gum, and 1/4 teaspoon salt in a \r\nfood processor; pulse 2 times or until blended. Add butter; \r\nprocess 30 seconds or until mixture resembles coarse meal.\r\n With processor on, slowly add 1 tablespoon milk and 1 egg through food chute; \r\nprocess until dough forms a ball.\r\n\\ Divide dough into 24 equal portions, shaping each into a ball.\r\n Working with 1 portion at a time (cover remaining dough to prevent drying), \r\nroll each portion into a 2 1/2-inch circle on a surface lightly dusted with \r\nbrown rice flour. Gently press dough circles into miniature muffin cups coated\r\n with cooking spray. Bake at 350 degree for 7 minutes or until very lightly \r\nbrowned. Remove from oven; cool on a wire rack.\r\n\\ To prepare filling, remove roots, outer leaves, and tops from leeks, leaving \r\n2 inches of dark leaves. Cut leeks in half lengthwise; rinse with cold water.\r\n Cut each half crosswise into 1/4-inch-thick slices to measure 1/2 cup.\r\n\\ Heat a medium skillet over medium heat. Coat pan with cooking spray.\r\n Add leek and thyme; sautee 8 minutes or until tender and lightly browned. Cool.\r\n\\ Combine 1/2 cup milk and next 4 ingredients (through 2 eggs) in a medium \r\nbowl; stir with a whisk. Divide leek mixture and cheese evenly among crusts; \r\nspoon egg mixture over leeks and cheese. Sprinkle with freshly ground black\r\n pepper, if desired.\r\n\\ Place pans on a baking sheet. Bake at 350 degree for 20 minutes or until \r\negg is set and crusts are lightly browned on edges. Cool 5 minutes in pan on \r\na wire rack; remove from pan. Serve warm.\r\n'),
(40, 'Cinnamon Rolls', 1, 'Cinnamon Rolls.jpg', '3/4 cup low-fat buttermilk -\r\n 2 tablespoons granulated sugar, divided - \r\n1 package dry yeast (2 1/4 teaspoons) -\r\n4.6 ounces brown rice flour (about 1 cup) -\r\n4.2 ounces tapioca flour (about 1 cup) -\r\n 2.6 ounces potato starch (about 1/2 cup) -\r\n 0.9 ounce flaxseed meal (about 1/4 cup) -\r\n 2 teaspoons xanthan gum -\r\n2 teaspoons baking powder -\r\n1/2 teaspoon salt -\r\n1/4 teaspoon baking soda -\r\n 1/4 teaspoon ground cinnamon -\r\n2 tablespoons canola oil -\r\n3 tablespoons butter, melted and divided-\r\n 1 teaspoon vanilla extract -\r\n2 large egg whites -\r\n1 large egg Tapioca flour, for dusting -\r\n1/3 cup packed brown sugar -\r\n1 teaspoon ground cinnamon -\r\n1/4 cup golden raisins -\r\nCooking spray -\r\n1 cup powdered sugar -\r\n2 ounces -\r\n1/3 less fat cream cheese, softened (about 1/4 cup) -\r\n1 tablespoon low fat milk -\r\n 1 teaspoon vanilla extract\r\n', 'Combine buttermilk and 1 tablespoon granulated sugar in a small saucepan,\r\n stirring with a whisk. Cook over medium heat until a thermometer registers \r\n110 degree. Remove from heat. Dissolve yeast in buttermilk mixture; \r\nlet stand 5 minutes.\r\n\\ Weigh or lightly spoon flours, potato starch, and flaxseed meal into dry\r\n measuring cups; level with a knife. Combine flours, potato starch, flaxseed \r\nmeal, xanthan gum, and next 4 ingredients in a large bowl; beat with a mixer \r\nat medium speed until blended. Add buttermilk mixture, oil, 1 tablespoon butter,\r\n 1 teaspoon vanilla, egg whites, and egg; beat at low speed until dough pulls \r\naway from sides of bowl.\r\n\\ Turn dough out onto parchment paper dusted with tapioca flour. \r\nCover with an additional piece of floured parchment. Roll dough, \r\nstill covered, into a 15 x 10-inch rectangle. Remove top sheet of paper;\r\n brush dough with remaining 2 tablespoons melted butter.\r\n\\ Combine brown sugar, remaining 1 tablespoon granulated sugar, \r\nand 1 teaspoon cinnamon in a small bowl, stirring with a whisk until blended. Sprinkle sugar mixture over butter. Sprinkle raisins over sugar mixture.\r\n\\ Beginning at short side, roll up dough tightly, jelly-roll fashion, while peeling away paper; pinch seam and ends to seal. Cut dough into 15 (1-inch) slices.\r\n Place slices in muffin tins coated with cooking spray.\r\n Cover with plastic wrap; let rise in a warm place (85 degree), free from \r\ndrafts, 1 1/2 hours or until dough has risen to top of tins.\r\n\\ Preheat oven to 375 degree.\r\n\\ Bake at 375 degree for 20 minutes or until golden brown.\r\n\\ Combine powdered sugar and remaining ingredients;\r\n stir with a whisk until smooth. Remove rolls from muffin tins; \r\ndrizzle with glaze. Serve warm.\r\n\r\n\r\n\r\n\r\n\r\n\r\n\r\n\r\n');
INSERT INTO `items` (`itemsId`, `ItemName`, `CategorieId`, `ItemImages`, `ingredients`, `HowToMakeIt`) VALUES
(41, 'Bacon, and Cheese Quiche', 1, 'Bacon, and Cheese Quiche.jpg', 'Crust: -\r\n 1.5 ounces brown rice flour (about 1/3 cup) - \r\n1.4 ounces sweet white sorghum flour (about 1/3 cup) -\r\n1.4 ounces tapioca flour (about 1/3 cup) -\r\n1.3 ounces potato starch (about 1/4 cup) -\r\n1/4 teaspoon xanthan gum -\r\n1/4 teaspoon salt -\r\n3 tablespoons unsalted butter -\r\n1 tablespoon fat free milk \r\n1 large egg-\r\n Cooking spray -\r\nFilling: -\r\n9 center cut bacon slices (4 ounces) -\r\n2 1/2 cups bagged baby spinach leaves (3 ounces) -\r\n 2 ounces reduced fat cheddar cheese, shredded (about 1 1/2 cups) -\r\n2 ounces Swiss cheese, shredded (about 1 1/2 cups) -\r\n1 1/4 cups fat free milk -\r\n 1/4 teaspoon freshly ground black pepper -\r\n1/8 teaspoon salt -\r\n 5 large eggs -\r\n 2 large egg whites\r\n', 'Preheat oven to 350 degree.\r\n\\ To prepare crust, weigh or lightly spoon flours and potato \r\nstarch into dry measuring cups; level with a knife. Place flours,\r\n potato starch, xanthan gum, and 1/4 teaspoon salt in a food processor;\r\n pulse 2 times or until blended. Add butter; process 30 seconds or until \r\nmixture resembles coarse meal. With processor on, slowly add milk and 1 egg \r\nthrough food chute; process until dough forms a ball.\r\n\\ Press mixture gently into a 4-inch circle on plastic wrap; cover. \r\nChill 30 minutes. Slightly overlap 2 sheets of plastic wrap on work surface.\r\n Unwrap and place chilled dough on plastic wrap. Cover dough with 2 additional\r\n sheets of overlapping plastic wrap. Roll dough, still covered, into a 12-inch \r\ncircle. Remove top sheets of plastic wrap; fit dough, plastic wrap side up, \r\ninto a 9-inch pie plate coated with cooking spray. Remove remaining plastic \r\nwrap. Fold edges under; flute. Pierce bottom and sides of dough with a fork.\r\n Bake at 350 degree for 10 minutes. Cool on a wire rack.\r\n\\ To prepare filling, cook bacon in a large nonstick skillet over medium heat\r\n 8 minutes or until crisp. Remove bacon from pan; crumble. Add spinach \r\ndrippings in pan; sautee 1 minute or until spinach wilts.\r\n\\ Layer spinach, bacon, and cheeses in crust. Combine milk, pepper, \r\n1/8 teaspoon salt, eggs, and egg whites in a medium bowl; stir well \r\nwith a whisk. Pour over layered ingredients in crust.\r\n\\ Bake at 350 degree for 35 minutes or until crust is golden brown and eggs \r\nare set. Let stand 5 minutes before slicing.\r\n\r\n\r\n\r\n\r\n\r\n\r\n\r\n\r\n'),
(42, 'Spinach and Quinoa Salad with Shrimp\r\n', 2, 'Spinach and Quinoa Salad with Shrimp.jpg', '3/4 cup water -\r\n1/2 cup uncooked quinoa, rinsed and drained -\r\n1/4 teaspoon kosher salt, divided -\r\n Cooking spray -\r\n 1/2 pound medium shrimp, peeled and deveined -\r\n1/2 teaspoon freshly ground black pepper, divided -\r\n1 1/2 tablespoons extra virgin olive oil -\r\n3 tablespoons fresh lemon juice -\r\n 1 teaspoon chopped fresh dill -\r\n1/4 teaspoon honey -\r\n2 cups fresh baby spinach leaves -\r\n1 cup thinly sliced English cucumber -\r\n1/2 cup thinly sliced radish -\r\n1/2 cup sugar snap peas, thinly sliced\r\n', 'Combine 3/4 cup water, quinoa, and 1/8 teaspoon salt in \r\na small saucepan; bring to a boil. Cover, reduce heat, and simmer 12 \r\nminutes or until liquid is absorbed and quinoa is tender. Cool quinoa \r\nmixture slightly.\r\n\\ Heat a large skillet over medium-high heat. Coat pan with cooking spray.\r\n Sprinkle shrimp with remaining 1/8 teaspoon salt and 1/4 teaspoon pepper. \r\nAdd shrimp to pan; cook 2 minutes on each side or until done.\r\n\\ Combine remaining 1/4 teaspoon pepper, oil, lemon juice, dill, and honey \r\nin a large bowl, stirring with a whisk. Add quinoa, shrimp, spinach, \r\nand remaining ingredients; toss gently to combine.\r\n\r\n\r\n\r\n\r\n'),
(43, 'Cheese and Tomato Omelet\r\n', 2, 'Cheese and Tomato Omelet.jpg', '2 large eggs -\r\n2 large egg whites -\r\n2 tablespoons water -\r\n1 tablespoon finely chopped fresh cilantro -\r\n1/4 teaspoon salt -\r\n1/8 teaspoon coarsely ground black pepper Cooking spray -\r\n 1/4 cup (1 ounce) reduced fat shredded cheddar cheese - \r\n1/2 cup diced seeded tomato (1 small) -\r\nFresh chopped cilantro\r\n', 'Combine first 6 ingredients in a medium bowl, stirring with a whisk.\r\n\\ Heat an 8-inch nonstick skillet over medium-high heat; coat pan with \r\ncooking spray. Add egg mixture, and cook until edges begin to set. Gently \r\nlift edges of egg mixture with a wide spatula, tilting pan to allow uncooked \r\negg mixture to come in contact with pan. Cook 2 minutes or until egg mixture\r\n is almost set; sprinkle with cheese. Spoon tomato over half of omelet; \r\nfold in half.\r\n\\ Cut omelet in half crosswise, and slide one half onto each of 2 plates. \r\nGarnish with cilantro, if desired, and serve immediately.\r\n\\ Serve with: Mandarin Oranges with Kiwifruit and Grapes\r\n\r\n\r\n'),
(44, 'Teriyaki Salmon with Mushrooms\r\n', 2, 'Teriyaki Salmon with Mushrooms.jpg', '1/4 cup dry sherry -\r\n1/4 cup low sodium teriyaki sauce -\r\n2 tablespoons light brown sugar -\r\n1 teaspoon canola oil 1 (8 ounce) package presliced baby portobello mushrooms -\r\n 4 (6 ounce) skinless salmon fillets (about 1 to 1 1/2 inches thick)\r\n', 'Combine first 3 ingredients in a small bowl; stir to dissolve sugar.\r\n\\ Heat oil in a large nonstick skillet over medium-high heat; add mushrooms, \r\nand sautee 4 minutes or until tender. Add 1/3 \r\ncup sherry mixture to mushrooms. Reduce heat, and simmer 1 to 2 minutes or \r\nuntil liquid almost evaporates. Spoon mushroom mixture into a bowl; set aside.\r\n\\ Heat pan over medium-high heat; add fillets. Cook 3 to 4 minutes \r\non each side or until browned on all sides. Add mushrooms and remaining\r\n sherry mixture to pan; cook 2 minutes. Transfer fillets to a serving platter, \r\nand top with sauce and mushrooms.\r\n\\ Serve with: Orange-Ginger Sugar Snaps\r\n\r\n'),
(45, 'Steak and Asparagus Stir-Fry\r\n', 2, 'Steak and Asparagus Stir-Fry.jpg', '1/4 cup unsalted chicken stock (such as Swanson) -\r\n 1 1/2 tablespoons oyster sauce -\r\n 1 1/2 tablespoons lower sodium soy sauce -\r\n2 teaspoons grated peeled fresh ginger -\r\n 2 teaspoons minced garlic - \r\n1 teaspoon cornstarch -\r\n 5 teaspoons canola oil, divided -\r\n12 ounces boneless sirloin steak, cut into 1/4 inch strips -\r\n12 ounces medium asparagus, trimmed and cut into 2 inch pieces -\r\n1 medium red bell pepper, cut into strips - \r\n1/2 teaspoon crushed red pepper 3 green onions, chopped\r\n', 'Combine first 6 ingredients in a small bowl, stirring well with a whisk.\r\n\\ Heat a large skillet over high heat. Add 1 tablespoon oil to pan; \r\nswirl to coat. Add beef; stir-fry until browned but not cooked through \r\n(about 1 1/2 minutes). Place beef on a plate; discard liquid in pan.\r\n\\ Return pan to high heat. Add remaining 2 teaspoons oil; swirl to coat.\r\n Add asparagus and bell pepper; stir-fry 2 minutes. Add crushed red pepper \r\nand green onions; stir-fry 30 seconds. Reduce heat to medium-high. Add stock\r\n mixture; cook 3 minutes or until sauce is slightly thickened. Return beef \r\nand any juices to pan, and cook for 1 minute.\r\n\r\n'),
(46, 'Salmon with Nectarine Salsa', 13, 'Salmon with Nectarine Salsa.jpg', 'Salsa: - \r\n2 nectarines, about 1 pound, cut into 1/2 inch dice -\r\n 1/2 cup 1/4 inch diced red bell pepper - \r\n1/4 cup 1/4 inch diced red onion -\r\n 1/4 cup finely chopped fresh chervil -\r\n1 jalapeno chile pepper, seeded and finely diced -\r\n 2 tablespoons finely chopped fresh mint -\r\n1 tablespoon honey -\r\n1 tablespoon fresh lime juice -\r\n 1/4 teaspoon crushed red pepper flakes -\r\n 1/4 teaspoon kosher salt -\r\nSALMON: -\r\n 4 salmon fillets (with skin), 6 to 8 ounces each and about 1 inch thick -\r\n 1/2 teaspoon kosher salt -\r\n 1/4 teaspoon crushed red pepper flakes -\r\n2 tablespoons fresh lime juice -\r\n1 tablespoon extra virgin olive oil\r\n', 'In a medium bowl combine the salsa ingredients. Cover and refrigerate \r\nuntil ready to serve.\r\n\\ Prepare the grill for direct cooking over high heat.\r\n\\ Season the salmon on both sides with the salt and red pepper flakes and \r\nthen drizzle with the lime juice and oil. Brush the cooking grates clean. \r\nGrill the salmon, flesh side down, over direct high heat, with the lid closed\r\n as much as possible, until you can lift the fillets off the grate with tongs \r\nwithout sticking, 6 to 8 minutes. Turn the fillets and cook them to your \r\ndesired doneness, 2 to 3 minutes for medium rare. Slip a spatula between the \r\nskin and the flesh, and transfer the fillets to serving plates. Serve warm with\r\n the salsa.\r\n\r\n'),
(48, 'Mushroom-Herb Chicken', 5, 'Mushroom-Herb Chicken.jpg', '4 (6 ounce) skinless, boneless chicken breast halves -\r\n1/4 teaspoon salt -\r\n 1/4 teaspoon black pepper - \r\nCooking spray -\r\n 3 large shallots, peeled (about 1 cup) -\r\n 1 (8 ounce) package presliced mushrooms - \r\n1/3 cup dry sherry - \r\n1 teaspoon dried marjoram, crushed - \r\nFreshly ground black pepper (optional)', 'Place each chicken breast half between 2 sheets of heavy-duty plastic wrap; pound to 1/3-inch thickness using a meat mallet or small heavy skillet. Sprinkle chicken evenly with salt and 1/4 teaspoon pepper; coat with cooking spray. Heat a large nonstick skillet over medium-high heat. Add chicken to pan; cook 5 to 6 minutes on each side or until browned. \\ While chicken cooks, cut shallots vertically into thin slices. Remove chicken from pan. Coat pan with cooking spray. Add mushrooms and shallots to pan; coat vegetables with cooking spray. Cook 1 minute, stirring constantly. Stir in sherry and marjoram. Return chicken to pan; cover and cook 3 to 4 minutes or until mushrooms are tender and chicken is done. Transfer chicken to a platter. Pour mushroom mixture over chicken; sprinkle with freshly ground pepper, if desired. Serve immediately. '),
(49, 'Sauteed Zucchini', 5, 'Sauteed Zucchini.jpg', '1 tablespoon lemon zest -\r\n 1 tablespoon chopped fresh thyme -\r\n 1 pound chicken cutlets - \r\n1/4 teaspoon salt - \r\n1/4 teaspoon freshly ground black pepper -\r\n 1 tablespoon olive oil -\r\n 1/2 cup water - \r\n1/3 cup uncooked couscous -\r\n 3/4 pound zucchini (about 2 medium), halved lengthwise and cut crosswise into 1/2 inch pieces -\r\n1/2 pound yellow summer squash (about 2 medium), halved lengthwise and cut crosswise into 1/2 inch pieces - \r\n1/4 cup fat free, low-sodium chicken broth Chopped fresh thyme, for garnish', 'Place the lemon zest and thyme in a small bowl; toss. Sprinkle the chicken with salt and pepper on both sides. Sprinkle half of the lemon-and thyme mixture evenly onto one side of each cutlet. Heat the olive oil in a large nonstick skillet over medium-high heat; cook the chicken, herb side down, turning after 2 minutes. When the chicken is golden and cooked through (about 4 minutes), transfer to a cutting board. Cover chicken, and keep warm. \\ Bring 1/2 cup water to a boil in a small saucepan; gradually stir in the couscous. Remove pan from heat; cover and let stand 5 minutes. Fluff with a fork. Cover couscous, and keep warm. \\ Saute the zucchini and squash (in the same skillet used for the chicken) over medium heat, stirring frequently, until golden and tender (about 4 minutes). Stir in the remaining lemon-and-thyme mixture, chicken broth, and couscous. \\ Spoon the couscous mixture evenly among 4 plates; top each with a chicken cutlet. Garnish with thyme.'),
(50, 'Chicken with Olives and Lemons\r\n', 5, 'Chicken with Lemon and Olives.jpg', '2 teaspoons grated lemon rind -\r\n 1/4 cup fresh lemon juice - \r\n1 tablespoon extra-virgin olive oil - \r\n1 1/2 tablespoons minced fresh garlic - \r\n4 (6 ounce) skinless, boneless chicken breast halves, halved crosswise -\r\nCooking spray - \r\n2 teaspoons chopped fresh oregano -\r\n 1/2 teaspoon chopped fresh rosemary -\r\n 1/2 teaspoon freshly ground black pepper -\r\n 15 oil cured olives, pitted and sliced - \r\n1 large shallot, sliced -\r\n1 lemon, thinly sliced\r\n', 'Preheat oven to 400 degree. \\ Combine first 4 ingredients in a large zip-top plastic bag. Add chicken to bag; seal. Shake to coat chicken. Marinate 15 minutes at room temperature. Arrange chicken mixture in a broiler-safe 11 x 7 inch glass or ceramic baking dish coated with cooking spray. Sprinkle chicken evenly with oregano and the next 4 ingredients (through shallot); top with lemon slices. Bake at 400 degree for 20 minutes. \\ Remove chicken from oven. Preheat broiler to HIGH. \\ Place chicken 3 inches from broiler element; broil on HIGH for 3 minutes or until chicken is browned and done. '),
(51, 'Lemon-Chardonnay Grilled Chicken', 5, 'Lemon-Chardonnay Grilled Chicken.jpg', '1 tablespoon grated lemon rind - \r\n2 tablespoons fresh lemon juice -\r\n2 tablespoons chardonnay or other dry white wine -\r\n 2 tablespoons extra virgin olive oil -\r\n1 tablespoon fresh oregano leaves -\r\n1/2 teaspoon dried dill -\r\n1/4 teaspoon crushed red pepper -\r\n 2 medium garlic cloves, minced -\r\n 4 (6 ounce) skinless, boneless chicken breast halves -\r\n Cooking spray -\r\n 1/4 teaspoon salt\r\n', 'Combine first 8 ingredients in a medium bowl, stirring with a whisk. Reserve 2 tablespoons marinade. Add chicken to remaining marinade in bowl, turning to coat. Cover and marinate in refrigerator 15 minutes, turning chicken occasionally. \\ Heat a large nonstick grill pan over medium-high heat. Coat pan with cooking spray. Remove chicken from bowl, discarding marinade. Add chicken to pan; cook 6 minutes on each side or until done. Place chicken on a serving platter. \\ Stir salt into reserved marinade; spoon evenly over chicken.'),
(52, 'Vegan Chili', 4, 'Vegan Chili.jpg', '2 tablespoons olive oil - \r\n1 cup chopped onion -\r\n1 cup chopped red bell pepper -\r\n 1 tablespoon chopped garlic -\r\n 1 (12.95 ounce) package vegan sausage, chopped (such as Field Roast Mexican Chipotle) -\r\n 2 cups chopped tomato -\r\n1/2 cup white wine -\r\n2 teaspoons freshly ground black pepper -\r\n1 teaspoon salt -\r\n1 teaspoon dried ground sage -\r\n1 teaspoon crushed red pepper -\r\n6 cups Vedge Style Vegetable Stock or unsalted vegetable stock -\r\n3 (15 ounce) cans unsalted cannellini beans, rinsed, drained, and divided -\r\n 2 (15 ounce) cans unsalted kidney beans, rinsed, drained, and divided -\r\n 2 cups chopped kale - \r\n2 tablespoons chopped fresh oregano\r\n', 'Heat a large Dutch oven over medium-high heat. \\ Add oil to pan; swirl to coat. Add onion and next 3 ingredients (through sausage); sautee 4 minutes. Add tomato and next 5 ingredients (through red pepper). \\ Bring to a boil; cook until liquid is reduced by half (about 1 minute). \\ Stir in stock. \\  Combine 2 cans cannellini beans and 1 can kidney beans in a medium bowl; mash with a potato masher. \\ Add bean mixture and remaining beans to pan. \\ Bring to a simmer; cook 5 minutes. Add kale; cover and simmer 5 minutes. \\ Sprinkle with oregano.'),
(53, 'Vegan Queso', 4, 'Vegan Queso.jpg', '1 poblano chile -\r\n1 teaspoon olive oil -\r\n2 cups water -\r\n1 cup raw cashews -\r\n2 cups unsweetened almond milk -\r\n1 tablespoon all-purpose flour -\r\n3 tablespoons nutritional yeast -\r\n1 teaspoon kosher salt -\r\n1/2 teaspoon garlic powder -\r\n1/4 teaspoon ground cumin -\r\n1/4 teaspoon cayenne pepper\r\n', 'Hold poblano over an open flame, turning often, until charred, 4 to 5 minutes, or coat poblano with oil, and broil, turning occasionally, until blackened, about 10 minutes. Place poblano in a bowl; cover tightly with plastic wrap. Let stand until cool. Remove and discard poblano skin and seeds. Finely chop poblano. \\ Place water and cashews in a bowl; let stand 4 hours or overnight. Drain cashews. Process cashews and almond milk in a blender until smooth. Place 1/4 cup of the cashew milk in a small bowl. Add flour; whisk until smooth. Combine remaining cashew milk and flour-milk mixture in a saucepan. Bring to a boil over medium-high, whisking often, about 3 minutes. Boil, whisking constantly, 1 minute. Whisk in chopped poblano, nutritional yeast, salt, garlic powder, cumin, and cayenne.'),
(54, 'Vegan Gravy', 4, 'Vegan Gravy.jpg', '2 tablespoons olive oil -\r\n1/3 cup minced shallots - \r\n1 pound sliced cremini mushrooms -\r\n1/3 cup dry sherry -\r\n2 cups unsalted vegetable stock -\r\n2 1/2 tablespoons all purpose flour -\r\n 1 tablespoon reduced-sodium soy sauce -\r\n 2 teaspoons fresh thyme -\r\n1/2 teaspoon black pepper -\r\n 3/8 teaspoon kosher salt\r\n', 'Heat olive oil in a skillet over medium-high. Add shallots and mushrooms; sautee 8 minutes. Add sherry; cook 1 minute. \\\r\nCombine vegetable stock, flour, soy sauce, thyme, pepper, and salt; add to pan. Bring to a boil; cook 2 minutes or until thickened.\r\n\r\n'),
(55, 'Beefy Vegan Burgers', 4, 'Beefy Vegan Burgers.jpg', '2 cups walnut halves -\r\n8 ounces portobello mushrooms, gills removed, roughly chopped -\r\n3 ounces chilled vegan butter, cubed -\r\n2 cups cooked freekeh, bulgur, brown rice, or other grain -\r\n 1/2 cup uncooked regular rolled oats -\r\n 2 tablespoons grated red beet (grated using a Microplane grater) -\r\n 2 tablespoons vegan mayonnaise -\r\n 1 tablespoon soy sauce -\r\n 2 1/2 teaspoons kosher salt -\r\n 2 teaspoons black pepper -\r\n 4 garlic cloves, grated using a Microplane grater - \r\n10 hamburger buns -\r\nHamburger toppings\r\n', 'Process walnuts in a food processor until finely ground. Place ground walnuts in a bowl. Process portobellos in a food processor until chopped. Add butter; process just until combined. Add mushroom mixture, freekeh, oats, beet, mayonnaise, soy sauce, salt, pepper, and garlic to ground walnuts; mix thoroughly to combine. Chill 1 hour. \\ Shape mixture into 10 (1/2-inch- thick) patties. Heat a grill pan over high. Coat with cooking spray. Cook patties until heated through and lightly charred, about 3 minutes per side. Remove from pan, and serve on buns with your favorite burger toppings.'),
(56, 'Mocha-Dark Chocolate Chunk Brownies\r\n', 6, 'Mocha-Dark Chocolate Chunk Brownies.jpg', 'Cooking spray -\r\n1 cup sugar -\r\n1/2 cup unsweetened cocoa -\r\n3 tablespoons butter, melted -\r\n1 1/2 tablespoons instant coffee granules -\r\n 2 tablespoons water -\r\n1 teaspoon vanilla extract -\r\n 1/2 teaspoon baking powder - \r\n1 large egg, lightly beaten -\r\n1 large egg white, lightly beaten -\r\n 2/3 cup all purpose flour - \r\n1/2 (3 ounce) bar dark chocolate, chopped (such as Ghirardelli)\r\n', 'Preheat oven to 350 degree. \\\r\nCoat bottom of an 8 inch square baking pan with cooking spray. \\\r\nCombine sugar and next 8 ingredients in a bowl. \\\r\nLightly spoon flour into dry measuring cups; level with a knife. Add flour and dark chocolate to cocoa mixture, stirring just until blended. Spread batter in prepared pan. Bake at 350 degree for 30 minutes. Cool on a wire rack.\r\n\r\n\r\n\r\n'),
(57, 'Roasted Broccoli', 6, 'Roasted Broccoli.jpg', '3 pounds broccoli heads, stems trimmed to length of longest branch (about 6 medium heads) - \r\n3 tablespoons canola oil -\r\n 2 teaspoons minced fresh garlic - \r\n2 teaspoons freshly ground black pepper - \r\n3/4 teaspoon kosher salt - \r\n3/4 cup shelled unsalted pistachios - \r\n1 cup white vinegar -\r\n 3/4 cup golden raisins - \r\n1/2 cup thinly sliced shallots - \r\n1/2 cup water -\r\n 2 tablespoons mustard seeds\r\n', 'Preheat oven to 450 degree. Place 2 baking sheets in oven as it preheats. \\\r\nBring a large Dutch oven filled with water to a boil. Cut each broccoli head into quarters; cut each quarter into 3 wedges. Add broccoli to boiling water; return to a boil, and cook 2 minutes. Drain; plunge into a bowl of ice water. Drain well; pat dry. Combine broccoli, oil, garlic, pepper, and salt in a bowl; toss to coat. Arrange broccoli mixture in a single layer on prepared baking sheets. Bake at 450 degree for 10 minutes or until edges begin to brown. Turn broiler to high (do not remove pans from oven). Broil 5 minutes or until browned in spots, rotating pans and stirring once after 3 minutes. \\\r\nHeat a medium skillet over medium heat. Add pistachios; saute 4 minutes or until toasted. Cool slightly; coarsely chop. \\\r\nBring vinegar and remaining ingredients to a boil in a small saucepan over medium-high heat. Cook 2 minutes; drain. Place roasted broccoli on a serving platter, and sprinkle with pistachios and raisin mixture.\r\n\r\n\r\n\r\n\r\n\r\n'),
(58, 'Peanut-Broccoli Stir-fry', 6, 'Peanut-Broccoli Stir-fry.jpg', '1 (16 oz.) package firm tofu -\r\n2 cups uncooked brown rice -\r\n1/2 teaspoon salt -\r\n1 1/2 cups vegetable broth -\r\n1 tablespoon light brown sugar -\r\n2 tablespoons fresh lime juice -\r\n2 tablespoons sweet chili sauce -\r\n2 tablespoons creamy peanut butter -\r\n 1 tablespoon lite soy sauce - \r\n1 teaspoon grated fresh ginger -\r\n3/4 teaspoon cornstarch -\r\n1 tablespoon peanut or vegetable oil -\r\n1 teaspoon dark sesame oil -\r\n2 cups fresh broccoli florets -\r\n1 cup carrot sticks -\r\n2 tablespoons chopped peanuts Garnish: lime wedges\r\n', 'Place tofu between 2 flat plates. Weight the top with a heavy can. (Sides of tofu should be bulging slightly but not cracking.) Let stand 45 minutes; discard liquid. Cut tofu into 1/2-inch cubes. \\\r\nPrepare rice according to package directions, adding 1/2 tsp. salt. \\\r\nMeanwhile, combine vegetable broth and next 7 ingredients in a medium bowl, stirring well. Add tofu, and toss to coat. Let stand 10 minutes. Remove tofu from marinade, reserving marinade. \\\r\nHeat oils in a nonstick skillet or wok over high heat 1 minute. Add tofu, and stir-fry 4 to 5 minutes or until browned. Remove tofu. Add broccoli and carrot sticks; stir-fry 2 minutes. Add reserved marinade, and bring to a boil. Cook, stirring constantly, 2 minutes or until thickened; stir in cooked tofu. Serve over hot cooked rice. Sprinkle with chopped peanuts. Garnish, if desired.\r\n\r\n'),
(59, 'Veggie Scramble\r\n', 6, 'Veggie Scramble.jpg', '1/2 small red bell pepper -\r\n 1/2 small green bell pepper - \r\n1/4 small sweet onion Vegetable cooking spray - \r\n8 large eggs, lightly beaten -\r\n 1/4 teaspoon salt - \r\n1/2 teaspoon freshly ground pepper - \r\n1/2 cup (2 ounces) shredded reduced fat sharp Cheddar cheese\r\n', 'Chop bell peppers and onion. Cook in a large skillet coated with cooking spray over medium-high heat 5 minutes or until vegetables are tender. \\\r\nWhisk together eggs, salt, and pepper. Add mixture to skillet, and cook, without stirring, until eggs begin to set on bottom. Draw a spatula across bottom of skillet to form large curds. Sprinkle with cheese, and continue cooking until eggs are thickened but still moist. (Do not stir constantly.) Remove from heat. Serve immediately with whole-grain toast.\r\n\r\n\r\n\r\n\r\n'),
(60, 'Raw Kale, Grapefruit, and Toasted Salad\r\n', 6, 'Raw Kale, Grapefruit, and Toasted Hazelnut Salad.jpg', '2 pink grapefruit -\r\n1/2 small red onion, thinly sliced, divided -\r\n1/4 cup fresh lemon juice -\r\n1/2 cup fat free plain yogurt -\r\n2 tablespoons extra virgin olive oil -\r\n1/2 teaspoon kosher salt -\r\n1/4 teaspoon black pepper -\r\n 8 ounces lacinato kale, very thinly sliced, or baby kale leaves - \r\n1 ounce toasted hazelnuts, chopped (1/3 cup)\r\n', 'Peel and segment grapefruit; reserve 3 TBSP juice in a large bowl. Mince 2 rings onion. Add to grapefruit juice, with lemon juice, yogurt, oil, salt, and pepper. Whisk until well mixed. \\\r\nToss in kale. Top with remaining onion, grapefruit, and hazelnuts.\r\n\r\n\r\n'),
(61, 'Oatmeal-Date-Chocolate Cookies\r\n', 6, 'Oatmeal-Date-Chocolate Cookies.jpg', '6 tablespoons unsalted butter -\r\n3/4 cup packed light brown sugar -\r\n1/3 cup all purpose flour -\r\n1/3 cup whole wheat flour -\r\n3/4 teaspoon baking soda -\r\n1 1/2 cups regular oats -\r\n 1/2 teaspoon salt -\r\n1 lightly beaten egg -\r\n1 teaspoon vanilla extract -\r\n1 cup chopped pitted dates -\r\n3 ounces coarsely chopped bittersweet chocolate\r\n', 'Preheat oven to 350 degree. \\\r\nMelt butter in a small saucepan over low heat. Remove from heat and add brown sugar. Stir until smooth. In a medium bowl, combine all-purpose flour, whole-wheat flour, baking soda, oats, and salt. \\\r\nCombine the butter mixture with the dry ingredients, and add egg, vanilla, and chopped dates. Fold in bittersweet chocolate. \\\r\nMix well and spoon mixture by tablespoon-fulls out onto lightly greased (or silicone baking mat-covered) baking sheets. Bake for 12 minutes, until tops are dry to the touch.\r\n\r\n'),
(62, 'Roasted Pepper Pesto Cheesecake\r\n', 6, 'Roasted Pepper Pesto Cheesecake\r\n.jpg', 'Cooking spray -  2 tablespoons dry breadcrumbs -  1 (15 ounce) carton fat free ricotta cheese -  1 (8 ounce) block light cream cheese, softened - 1/3 cup (1 1/3 ounces) grated fresh Parmesan cheese - 1/8 teaspoon salt Dash of ground red pepper - 1 egg - 1 1/4 cups Roasted Pepper Pesto, divided - 1 teaspoon all purpose flour - 1 (8 ounce) carton fat free sour cream - 24 (3/4 ounce) slices diagonally cut French bread baguette -  24 roasted red bell pepper strips (optional)', 'Preheat oven to 325 degree . \\\r\nCoat 2 (7 inch) springform pans with cooking spray; sprinkle breadcrumbs evenly over the bottoms of pans. \\\r\nPlace ricotta and cream cheese in large bowl; beat at medium speed of a mixer until smooth. Add Parmesan cheese, salt, pepper, and egg; beat until well-blended. \\\r\nPour 3/4 cup cheese mixture into each prepared pan. Spread 1/2 cup Roasted Pepper Pesto over each layer; top each pesto layer with 3/4 cup cheese mixture. Bake at 325 degree for 45 minutes or until almost set. \\\r\nCombine 1/4 cup Roasted Pepper Pesto, flour, and sour cream in a bowl; stir well. Spread half of mixture over each cheesecake. Bake at 325 degree for 10 minutes. Remove cheesecakes from oven; let cool to room temperature. Cover and chill. Cut each cheesecake into 12 wedges; serve with baguette slices. Garnish with bell pepper strips, if desired.\r\n\r\n\r\n\r\n\r\n\r\n'),
(63, 'Low-Fat Custard\r\n', 3, 'Low-Fat Custard.jpg', '1 1/2 cups 2% milk - \r\n3 tablespoons sugar -\r\n1 tablespoon cornstarch -\r\n1 large egg & 1 egg yolk\r\n', 'Heat milk to simmer in a small pot. In a medium bowl, whisk together sugar and cornstarch. Add egg and yolk; whisk to blend. \\\r\nSlowly pour hot milk into egg mixture, whisking constantly. Return milk mixture to saucepan. Whisking constantly, heat over medium until sauce thickens and boils (about 5 minutes). Pour into another bowl to stop cooking. Chill, stirring occasionally (about 4 hours).\r\n\r\n'),
(64, 'Fettuccine Alfredo', 3, 'Fettuccine Alfredo.jpg', '12 ounces fettuccine -\r\n 1 broccoli stalk -\r\n 1 1/2 cups cups skim milk -\r\n1 tablespoon unsalted butter -\r\n1 tablespoon flour -\r\n3/4 cup freshly grated Parmesan -\r\n 1/2 teaspoon kosher salt\r\n', 'Cook fettuccine according to the package directions; drain. Meanwhile, bring a pot of salted water to a boil and cook broccoli stalk (cut into florets, stalk peeled and sliced), 3 minutes; drain. \\\r\nHeat skim milk and butter in a large saucepan over low heat. Slowly whisk in flour. Simmer until slightly thickened, whisking constantly, 1 to 2 minutes. Remove from heat and stir in Parmesan and kosher salt.\\\r\n Add the pasta and broccoli and stir over low heat until heated through. Top each serving with Parmesan shavings.\r\n\r\n'),
(65, 'Shellfish Gumbo', 3, 'Shellfish Gumbo.jpg', '1 1/3 cups all-purpose flour -\r\n1 1/2 pounds unpeeled, medium-size fresh shrimp -\r\n8 3/4 cups chicken broth, divided -\r\n 1 large onion, chopped -\r\n 1 cup chopped celery -\r\n1 cup chopped green bell pepper -\r\n4 garlic cloves, minced -\r\n1 pound light Cajun sausage, sliced -\r\n2 tablespoons tomato paste -\r\n1/2 teaspoon salt -\r\n1 1/2 teaspoons fresh thyme -\r\n1 1/2 teaspoons chopped fresh oregano -\r\n 1/4 teaspoon pepper -\r\n 1/4 teaspoon ground red pepper -\r\n2 bay leaves -\r\n1 1/2 cups fresh sliced okra -\r\n1/2 pound lump crabmeat -\r\n1/2 pound crawfish tails, rinsed -\r\n1 (12 ounce) container fresh oysters, undrained -\r\nHot cooked rice\r\n', 'Place flour in a 15- x 10-inch jellyroll pan. Bake at 350 degree for 1 hour and 15 minutes or until a dark golden brown, stirring every 15 minutes. Set aside; cool. \\\r\nPeel shrimp, reserving shells; devein, if desired. Set meat aside. \\\r\nCombine shrimp shells and 5 1/2 cups chicken broth in a large Dutch oven; bring to a boil. Reduce heat, and simmer 15 minutes. Pour mixture through a wire-mesh strainer into a bowl, discarding shells. Keep broth warm. \\\r\nCoat a large Dutch oven with cooking spray; add onion and next 3 ingredients, and saute until vegetables are crisp-tender. Add sausage, and saute 5 minutes. Add tomato paste and 5 1/2 cups warm broth, and stir well. \\\r\nDrain crabmeat, removing any bits of shell. Add crabmeat, shrimp, crawfish, and oysters to gumbo; return to a boil. Reduce heat, and simmer, uncovered, 10 minutes or until shrimp turn pink and edges of oysters begin to curl. Serve over hot rice.\r\n\r\n\r\n\r\n\r\n\r\n\r\n\r\n'),
(66, 'Cornflakes, Low-Fat Milk, and Berries', 3, 'Cornflakes, Low-Fat Milk, and Berries.jpg', '2 cups cornflakes -\r\n1 cup 1% low fat milk -\r\n1 cup fresh or frozen berries (thawed)\r\n', 'Pour cornflakes into a small bowl, and top with milk and berries. \\\r\nOn-the-Go Alternative: Kashi TLC Chewy Granola Bar and 6 ounces fat-free yogurt.\r\n\r\n'),
(67, 'Low-Fat Chocolate-Banana Parfaits\r\n', 3, 'Low-Fat Chocolate-Banana Parfaits.jpg', '1 package (1.4 oz.) JELLO Chocolate Fat Free Sugar Free Instant Pudding -\r\n2 cups cold fat free milk -\r\n 2 bananas, sliced -\r\n3/4 cup thawed COOL WHIP LITE Whipped Topping or COOL WHIP Sugar Free Whipped Topping, divided\r\n', 'BEAT pudding mix and milk with whisk 2 min.\\\r\nSPOON half the pudding evenly into 4 dessert glasses. Cover with layers of banana slices and half the COOL WHIP; top with remaining pudding and remaining COOL WHIP. \\\r\nREFRIGERATE at least 1 hour before serving.\r\n'),
(68, ' Mandarin Mousse Mold\r\n', 3, 'Low-Fat Mandarin Mousse Mold.jpg', '1 1/2 cups boiling water- \r\n 1 package (6 oz.) JELLO Orange Flavor Sugar Free Gelatin -\r\nice cubes -\r\n1 cup cold water -\r\n1 can (11 oz.) mandarin oranges, drained -\r\n1 tub (8 oz.) COOL WHIP FREE Whipped Topping, thawed, divided\r\n', 'ADD boiling water to gelatin mix in large bowl; stir 2 min. until completely dissolved. Add enough ice to cold water to measure 1 1/2 cups. Add to gelatin; stir until ice is completely melted. \\\r\nPLACE oranges in 6-cup mold sprayed with cooking spray; cover with 2 cups gelatin. Refrigerate 45 min. or until gelatin is set but not firm. \\\r\nMEANWHILE, refrigerate remaining gelatin 45 min. or until slightly thickened. Whisk in 2 cups COOL WHIP until well blended. Pour over gelatin layer in mold. \\\r\nREFRIGERATE 4 hours or until firm. Unmold. Serve topped with remaining COOL WHIP.\r\n\r\n'),
(69, 'Raspberry Summer Sensation', 3, 'Raspberry Summer Sensation.jpg', '1 pint (2 cups) raspberry sorbet, softened -\r\n1 package (1 oz.) JELL O Vanilla Flavor Fat Free Sugar Free Instant Pudding -\r\n1 cup cold fat free milk -\r\n1 tub (8 oz.) COOL WHIP Sugar Free Whipped Topping, thawed -\r\n1 cup raspberries\r\n', 'LINE 9x5-inch loaf pan with foil. Spoon sorbet into prepared pan; freeze 10 min.\\\r\nBEAT pudding mix and milk with whisk 2 min. Stir in COOL WHIP; spread over sorbet. \\\r\nFREEZE 3 hours or until firm. Unmold onto plate; remove foil. Let stand 10 min. to soften slightly before slicing to serve. Top with berries.\r\n'),
(70, 'Mac and Cheese with Peas\r\n', 3, 'Low-Fat Mac and Cheese with Peas.jpg', '3 cups uncooked small macaroni -\r\n1/2 tablespoon unsalted butter -\r\n1 small onion, finely chopped -\r\n2 3/4 cups low fat (2%) milk -\r\n 2 tablespoons cornstarch -\r\n1 (10 oz.) box frozen baby peas, thawed -\r\n 1 teaspoon kosher salt -\r\n2 cups (8 oz.) low fat Cheddar -\r\n 1/4 cup finely grated Parmesan Black pepper, to taste\r\n', 'Bring a large pot of salted water to a boil and stir in macaroni. Cook, stirring occasionally, until pasta is al dente. Drain in a colander and shake well. \\\r\nWhile pasta is cooking, melt butter in a large saucepan over medium heat, add onion and cook, stirring, until softened, about 6 minutes. Stir together milk and cornstarch in a large cup; whisk into pot with onion and cook, whisking, until boiling. Continue to cook, whisking, until thickened, about 2 minutes. Stir in peas and salt. \\\r\nAdd cooked pasta to sauce and stir well. Sprinkle Cheddar and Parmesan on top and toss well. Season with pepper to taste.\r\n\r\n\r\n\r\n'),
(71, 'Chicken Chili\r\n', 3, '(Low-Fat) Chicken Chili.jpg', '1 tablespoon vegetable oil -\r\n 1 3/4 pounds ground chicken breast -\r\n1 teaspoon kosher salt -\r\n2 garlic cloves, minced -\r\n1 medium onion, finely diced -\r\n 2 tablespoons Mexican style hot chili powder -\r\n 1 teaspoon ground cumin -\r\n1 (14.5 oz.) can chicken broth -\r\n 1 (14 oz.) can crushed tomatoes -\r\n2 tablespoons tomato paste -\r\n1 (1 lb.) bag frozen bell-pepper strips, thawed \r\n1 (15 oz.) can small red beans, drained and rinsed -\r\n Shredded cheese, optional -\r\nChopped scallions, optional -\r\nTortilla chips, optional\r\n', 'Heat 1/2 Tbsp. oil in a large saucepan over medium heat; add chicken and salt to pan. Cook chicken, stirring to break up meat, until it is crumbly and no longer pink, about 5 minutes. Using a slotted spoon, transfer chicken to a plate. \\\r\nAdd remaining oil, garlic, onion, chili powder and cumin. Cook, stirring often until onion is tender, about 7 minutes. Stir in broth, tomatoes and tomato paste and bring to a boil. Reduce heat and simmer for 15 minutes. Stir in pepper strips and beans and simmer, stirring occasionally, until sauce is thick, about 10 minutes. Return chicken and any of its juices to saucepan and cook for 1 minute to heat through. \\\r\nServe with cheese, scallions and tortilla chips, if desired.\r\n\r\n'),
(72, 'Lobster Rolls\r\n', 3, 'Low-Fat Lobster Rolls.jpg', '8 ounces chopped cooked lobster meat -\r\n2 tablespoons reduced-fat mayonnaise -\r\n 2 tablespoons minced celery -\r\n2 teaspoons minced fresh chives -\r\n1/2 teaspoon lemon zest -\r\n2 teaspoons fresh lemon juice -\r\n1/8 teaspoon salt Pinch of freshly ground black pepper -\r\n4 whole wheat hot dog buns Butter-flavored -\r\ncooking spray -\r\n8 Bibb lettuce leaves -\r\n2 Roma tomatoes, thinly sliced\r\n', 'Combine first 8 ingredients in a medium bowl. Cover and chill until ready to serve. \\\r\nHeat a large nonstick skillet over medium heat. Lightly spray insides of buns with butter-flavored cooking spray, and place, sprayed sides down, in skillet. Cook 1 to 2 minutes or until golden brown. \\\r\nLayer buns evenly with lettuce leaves, tomato slices, and lobster mixture.\r\n\r\n\r\n\r\n'),
(73, 'Chocolate Pie \r\n', 8, 'Chocolate Pie for Diabetics.jpg\r\n', '1 (6.5 ounce) package sugar free chocolate sandwich cookies, crushed (about 1 2/3 cup) -\r\n3 tablespoons butter, melted -\r\nCooking spray -\r\n2 cups chocolate fat free, no sugar added ice cream, softened -\r\n 1 (3 1/2 ounce) jar unsalted macadamia nuts, coarsely chopped -\r\n 2 (8 ounce) cartons frozen fat free whipped topping, thawed -\r\n Shaved sugar free chocolate bars (optional) -\r\nToasted macadamia nuts (optional) - Whipped topping (optional)\r\n', 'Combine crushed cookies and butter. Press mixture firmly in bottom of a 9-inch springform pan coated with cooking spray.\\ Combine softened ice cream and nuts, stirring well. Fold in whipped topping. Pour mixture into prepared crust. Cover and freeze until firm. \\ Remove sides of springform pan; let pie stand 10 minutes before serving. Top with chocolate shavings, toasted nuts, and whipped topping, if desired. \\ carbo rating: 32'),
(74, 'Turkey Breast with Spinach-Feta Stuffing\r\n', 8, 'Turkey Breast with Spinach-Feta Stuffing.jpg', '4 tablespoons water, divided -\r\n 1 (6 ounce) package prewashed baby spinach -\r\n1 tablespoon olive oil, divided -\r\n1/4 cup finely chopped shallots, divided -\r\n 1 garlic clove, minced -\r\n1/2 cup (2 ounces) crumbled feta cheese -\r\n1 tablespoon dry breadcrumbs -\r\n 1/2 teaspoon dried oregano -\r\n3/4 teaspoon salt, divided -\r\n1/8 teaspoon freshly ground black pepper -\r\n1 large egg white, lightly beaten -\r\n1 (1 3/4 pound) boneless turkey breast half -\r\n 1/4 teaspoon freshly ground black pepper -\r\n1/2 cup dry white wine -\r\n3/4 cup fat free, less sodium chicken broth -\r\n 1 1/2 teaspoons cornstarch -\r\n 1 tablespoon butter Oregano sprigs (optional)\r\n', 'Heat a large saucepan over medium-high heat. Add 1 tablespoon water and spinach; cover and cook 5 minutes or until spinach wilts, stirring occasionally. Place spinach mixture in a colander, pressing until barely moist. \\\r\nHeat 1 teaspoon of oil in a small saucepan over medium-high heat. Add 2 tablespoons chopped shallots, 2 tablespoons water, and garlic; cover and cook 3 minutes or until moisture evaporates. Spoon shallot mixture into a medium bowl. Add the spinach, feta, breadcrumbs, oregano, 1/4 teaspoon salt, 1/8 teaspoon pepper, and egg white. \\\r\nCut horizontally through center of breast, cutting to, but not through, other side using a sharp knife; open flat as you would a book. Place breast between 2 sheets of plastic wrap; pound to an even 1/2-inch thickness using a meat mallet or rolling pin. Discard plastic wrap. Spread spinach mixture over turkey, leaving a 1-inch border. Roll up breast, jelly-roll fashion, starting with one short side. Secure at 2-inch intervals with twine. Rub 1/2 teaspoon salt and 1/4 teaspoon pepper evenly over turkey. \\\r\nPreheat oven to 325 degree. \\\r\nHeat 2 teaspoons oil in a large Dutch oven over medium-high heat. Add the turkey; cook 5 minutes, browning on all sides. Remove turkey from pan. Add 2 tablespoons shallots to pan; saute 30 seconds. Stir in wine, scraping pan to loosen browned bits. Add turkey and broth to pan; bring to a boil. Cover and bake at 325 drgree for 40 minutes or until a thermometer inserted in thickest portion of turkey registers 170 degree. Remove turkey from pan; keep warm. \\\r\nPlace pan on stovetop over high heat. Combine cornstarch and 1 tablespoon water, stirring with a whisk. Add cornstarch mixture to pan; bring to a boil. Cook 1 minute or until slightly thick, stirring constantly. Remove from heat. Add butter, stirring with a whisk. Remove and discard twine from turkey. Cut turkey into 8 slices. Serve sauce with the turkey. Garnish with oregano sprigs, if desired.\r\n\r\n\r\n\r\n\r\n\r\n\r\n\r\n\r\n\r\n'),
(75, 'Blueberry Muffins\r\n', 8, 'Blueberry Muffins.jpg', '1 3/4 cups all-purpose flour - \r\n3 tablespoons sugar - \r\n3 tablespoons \"measures-like-sugar\" calorie-free sweetener - \r\n2 teaspoons baking powder - \r\n1/4 teaspoon salt -\r\n1/2 teaspoon ground allspice -\r\n1 cup fresh or frozen blueberries, thawed and drained -\r\n3/4 cup fat free milk -\r\n 1/4 cup vegetable oil -\r\n1 large egg, lightly beaten -\r\n1 teaspoon grated lemon rind -\r\n1 teaspoon grated orange rind -\r\n1 teaspoon vanilla extract -\r\nCooking spray\r\n', 'Preheat oven to 400 degree. \\\r\nCombine first 6 ingredients in a medium bowl; add blueberries, and toss to coat. Make a well in center of flour mixture. Combine milk and next 5 ingredients; add to flour mixture, stirring just until dry ingredients are moistened. \\\r\nSpoon batter into 12 muffin cups coated with cooking spray, filling two-thirds full. Bake at 400 degree for 20 to 25 minutes or until golden. Remove muffins from pans immediately, and cool on wire racks.\r\n'),
(76, 'Fresh-Herb Turkey\r\n', 11, 'Fresh-Herb Turkey.jpg', '1 (12 pound) fresh or frozen whole turkey, thawed -\r\n 2 tablespoons chopped fresh sage -\r\n3 teaspoons chopped fresh chives, divided -\r\n 2 teaspoons chopped fresh thyme, divided -\r\n 1 teaspoon chopped fresh parsley -\r\n Cooking spray -\r\n2 3/4 cups fat free, less sodium chicken broth, divided -\r\n 1/3 cup dry sherry -\r\n2 tablespoons all purpose flour -\r\n2 tablespoons chopped fresh parsley\r\n\r\n\r\n\r\n', 'Preheat oven to 350 degree. \\\r\nRemove giblets and neck from turkey; discard. Rinse turkey thoroughly with cold water; pat dry. Starting at neck cavity, loosen skin from breast and drumsticks by inserting fingers, gently pushing between skin and meat. Combine sage, 2 teaspoons chives, 1 teaspoon thyme, and 1 teaspoon parsley in a small bowl. Rub sage mixture under loosened skin and inside body cavity. Tie ends of legs with cord. Lift wing tips up and over back; tuck under bird. \\\r\nPlace turkey on a broiler pan coated with cooking spray or on a rack set in a shallow roasting pan. Insert meat thermometer into meaty part of thigh, making sure not to touch bone. Bake at 350 degree for 3 hours or until thermometer registers 180 degree. (Cover turkey loosely with foil if it gets too brown.) Remove turkey from oven. Cover loosely with foil; let stand at least 10 minutes before carving. \\\r\nPlace a zip-top plastic bag inside a 2-cup glass measure. Pour drippings from pan into bag; let stand 10 minutes (fat will rise to the top). Seal bag; snip off 1 bottom corner of bag. Drain drippings into a medium saucepan, stopping before the fat layer reaches the opening. Stir in 2 1/2 cups broth and sherry. Bring to a boil; reduce heat, and simmer 10 minutes. Combine 1/4 cup broth and flour in a small bowl, stirring well with a whisk. Stir into sherry mixture, and bring to a boil, stirring constantly. Stir in 2 tablespoons parsley, 1 teaspoon chives, and 1 teaspoon thyme. Serve sauce with turkey.\r\n\r\n\r\n\r\n\r\n'),
(77, 'Poached Shrimp with Bay Leaves and Lemon\r\n', 13, 'Poached Shrimp with Bay Leaves and Lemon.jpg', '12 cups water -\r\n1 1/2 tablespoons salt -\r\n1 tablespoon mustard seeds -\r\n6 whole black peppercorns -\r\n6 bay leaves -\r\n1 celery stalk, halved -\r\n 1 carrot, halved -\r\n2 pounds medium shrimp, peeled and deveined -\r\n2 teaspoons grated lemon rind -\r\n 1/2 cup fresh lemon juice -\r\n1 tablespoon extravirgin olive oil -\r\n1/2 teaspoon salt -\r\n1/4 teaspoon freshly ground black pepper\r\n', 'Combine first 7 ingredients in a Dutch oven; bring to a boil. Reduce heat; simmer 15 minutes. Add shrimp; cook 3 minutes. Drain shrimp and place in a shallow dish. \\\r\nCombine lemon rind and remaining ingredients. Add to warm shrimp mixture; toss well. Cover and chill until ready to serve.\r\n\r\n\r\n\r\n'),
(78, 'Hot Cranberry Cocktail\r\n', 8, 'Hot Cranberry Cocktail.jpg', '1 tablespoon whole cloves - \r\n2 teaspoons whole allspice -\r\n 4 cups pineapple juice -\r\n1 (48 ounce) bottle low calorie cranberry juice drink\r\n', 'Cut a 6-inch square of cheesecloth; place cloves and allspice in center, and tie with string. \\\r\nCombine spice bag, pineapple juice, and cranberry juice in a large saucepan. Bring to a boil; cover, reduce heat, and simmer 5 minutes. Remove and discard spice bag. Serve warm.\r\n\r\n\r\n\r\n');

-- --------------------------------------------------------

--
-- Table structure for table `section`
--

CREATE TABLE `section` (
  `sectionId` int(11) NOT NULL,
  `Name` varchar(50) NOT NULL,
  `imgSection` varchar(100) NOT NULL
) ENGINE=MyISAM DEFAULT CHARSET=latin1;

--
-- Dumping data for table `section`
--

INSERT INTO `section` (`sectionId`, `Name`, `imgSection`) VALUES
(1, 'Global Recipes', 'food.jpg'),
(2, 'Healthy Recipes', 'healthyfood.jpg');

-- --------------------------------------------------------

--
-- Table structure for table `users`
--

CREATE TABLE `users` (
  `userId` int(11) NOT NULL,
  `FirstName` varchar(100) NOT NULL,
  `LastName` varchar(100) NOT NULL,
  `Email` varchar(100) NOT NULL,
  `Password` varchar(100) NOT NULL,
  `verified` int(1) NOT NULL,
  `vkey` varchar(100) NOT NULL
) ENGINE=MyISAM DEFAULT CHARSET=latin1;

--
-- Dumping data for table `users`
--

INSERT INTO `users` (`userId`, `FirstName`, `LastName`, `Email`, `Password`, `verified`, `vkey`) VALUES
(8, 'Amar', 'ELALi', 'amarelali99@gmail.com', '$2y$10$./G88C0EFRg6RjBR5ZCuMuZvOvy8KHXfEx63jmaMXC661KF2cbjui', 0, ''),
(11, 'Kamar', 'Omar', 'amar_2@gmail.com', '$2y$10$cyly7uuEtU9qQ.eVTdMH8Odx00H6VZ7Gcot8OlrjtArY2iwe/sHOy', 0, ''),
(9, 'Amar', 'ELALi', 'amar@gmail.com', '$2y$10$zXaOt1zKFgiB8c2YdSNr3u/egAcfc2rHC50SInqZWaakBiPEVP0uO', 0, ''),
(10, 'dev', 'amar', 'developer@uni.com', '$2y$10$3LxBuGgTmOetVuHS2TLDneta.IO4BnOpAxrigB8ryF6csQUU4uo3.', 0, ''),
(12, 'Kamar', 'Hawshar', 'kamar_Hawchar@gmail.com', '$2y$10$/IVjEQI7fJJec.mi9/Y4zuzIsmBcLrB5/lBTJpOecGHqfmd70K2ya', 0, ''),
(13, 'Kamar', 'Hawshar', 'kamar_hawshar@gmail.com', '$2y$10$R3SmtsHPOn5z8K2SYfgXP.UEB7TBaxpRkqYBtuqLUt8d7t0pLYsLm', 0, ''),
(14, 'noor', 'amar', 'noor-amar@gmail.com', '$2y$10$DqzMj6VoHwJWqVSHBFfJ.O6Yw5eaw.D8F2J0QH4/tIOuUD9Ua2Hve', 0, ''),
(15, 'noor', 'amar', 'noor-amar@gmail.com', '$2y$10$pjcvQR5j8C4mR/LCj5LAFOEJ4MYFrjKHV3tGM87Tq74gISkXVOZ0m', 1, 'ee610759b28ad7f223345ae73db42a82'),
(16, 'Kamar', 'Ayoub', 'kamarAyoub@gmail.com', '$2y$10$Q4ft6u59FqFNm3WcecNhlenvfWlOJBgSdBxzkgkrqr1IIBGjjrsLW', 0, '3ba44664e8919fdb62836c345a820123'),
(17, 'Kamar', 'Ayoub', 'kamarAyoub@gmail.com', '$2y$10$E/vArKr5D93UyOrjv39zgu6UQzMMLBPBsqgBQQX5LyD1sNv7XSX5a', 1, 'aa144372d76886f8f244e19d535c0d08'),
(18, 'noor', 'amar', 'noor-amar@gmail.com', '$2y$10$tkd1BwvCYLHo1RSWqI3Suepv/O5J6bWSs1BnnvLPyEzR8av81vuL6', 0, '6aeea0d467f073329504c4779e1ec9f0'),
(19, 'zakaria', 'Dairy', 'zakariaDairy@gmail.com', '$2y$10$KCio1ExAm3nbFY5JXTYh9.O7kytTCBbGVMinrHKP9EikHhptURsz2', 1, 'ec12f8e4c6248827eb24b3cf4a64e8e3'),
(20, 'test', 'testing', 'testing_test@gmail.com', '$2y$10$vRJlqtVDSzmKRIspDow54ucm7NlnqjvgNm/VLqLWabk7HnJFbZlzu', 1, '95e136e26d0b695552ca6a510246c791'),
(21, 'test', 'testing', 'testing_test@gmail.com', '$2y$10$AEDJZL/QjF.0KszpwQjFPe5g.bynDxMtUTgcs0gVgmehk6fKJBPfC', 0, '15c239a7b03f7cf0a6e174cad3fe7e9e'),
(22, 'test', 'testing', 'testing_test@gmail.com', '$2y$10$KAa/ry6uvKTWYr9bubQtJulJ8WNY.V16FbwLAin34k5aFMfa6fEOO', 0, 'a4ce83caff91a58d5ab920fe47f98542'),
(27, 'dev', 'amar', 'amar@amar.com', '$2y$10$hZS9j2XtcCseM1SsqL/jXOcAKZVKLSyl8FD1sZyynDSSaceVHH/Ri', 0, '836ff853d824ab234d3a1552a49938d6'),
(24, 'test', 'testing', 'testing_test@gmail.com', '$2y$10$FJbDoZbR74G2xwhfVGa2g.byotvuthNcNvJ3Vqc0BAkuRLuZzY/TC', 0, 'e0ccece5bd8cb5e2ee332691b42fc4e3'),
(26, 'Kamar', 'Omar', 'test@amar', '$2y$10$IrSwloy0Au.vbALJ2.dB5.jG9jTSNY00au9JidJClRccSHJcg8NKS', 1, '71450d876ffecdd84b192374bf5af137'),
(31, 'Kamar', 'Omar', 'amar1234@gmail.com', '$2y$10$fXya8e/75Piu9TAHD7SMee415q8gpkPBvWuKScc2i5/bBCN6O1CPO', 1, 'e9d8503c6b02a11b1a4f555944a37c7f'),
(30, 'nawal', 'khanji', 'khanji@mail.com', '$2y$10$A6Xk8ZFfCxjN4jWj7FeMn.CqJ4X0Skf..JDzibRtsNcJ96Zl5joeq', 1, 'b4258bfe1377092d84d04fdcbd4df5cc'),
(35, 'amar', 'testing', 'amarTesting@mail.com', '$2y$10$3t4mkPiLBty0Hki2j7Ru8uxoecXhXpF7uJnJCmzm7JF44tdBbrLri', 1, '15796fdd8c42e2893e6a53a4a986b475');

--
-- Indexes for dumped tables
--

--
-- Indexes for table `categories`
--
ALTER TABLE `categories`
  ADD PRIMARY KEY (`categId`);

--
-- Indexes for table `favoriterecipes`
--
ALTER TABLE `favoriterecipes`
  ADD PRIMARY KEY (`id`);

--
-- Indexes for table `history`
--
ALTER TABLE `history`
  ADD PRIMARY KEY (`historyId`);

--
-- Indexes for table `items`
--
ALTER TABLE `items`
  ADD PRIMARY KEY (`itemsId`);

--
-- Indexes for table `section`
--
ALTER TABLE `section`
  ADD PRIMARY KEY (`sectionId`);

--
-- Indexes for table `users`
--
ALTER TABLE `users`
  ADD PRIMARY KEY (`userId`);

--
-- AUTO_INCREMENT for dumped tables
--

--
-- AUTO_INCREMENT for table `categories`
--
ALTER TABLE `categories`
  MODIFY `categId` int(11) NOT NULL AUTO_INCREMENT, AUTO_INCREMENT=19;
--
-- AUTO_INCREMENT for table `favoriterecipes`
--
ALTER TABLE `favoriterecipes`
  MODIFY `id` int(11) NOT NULL AUTO_INCREMENT, AUTO_INCREMENT=60;
--
-- AUTO_INCREMENT for table `history`
--
ALTER TABLE `history`
  MODIFY `historyId` int(11) NOT NULL AUTO_INCREMENT, AUTO_INCREMENT=233;
--
-- AUTO_INCREMENT for table `items`
--
ALTER TABLE `items`
  MODIFY `itemsId` int(11) NOT NULL AUTO_INCREMENT, AUTO_INCREMENT=79;
--
-- AUTO_INCREMENT for table `section`
--
ALTER TABLE `section`
  MODIFY `sectionId` int(11) NOT NULL AUTO_INCREMENT, AUTO_INCREMENT=3;
--
-- AUTO_INCREMENT for table `users`
--
ALTER TABLE `users`
  MODIFY `userId` int(11) NOT NULL AUTO_INCREMENT, AUTO_INCREMENT=36;COMMIT;

/*!40101 SET CHARACTER_SET_CLIENT=@OLD_CHARACTER_SET_CLIENT */;
/*!40101 SET CHARACTER_SET_RESULTS=@OLD_CHARACTER_SET_RESULTS */;
/*!40101 SET COLLATION_CONNECTION=@OLD_COLLATION_CONNECTION */;
